image_path,true_class,predicted_class,correct
C:\Projects\stanford40_split\test\applauding\applauding_004.jpg,applauding,waving hands,False
C:\Projects\stanford40_split\test\applauding\applauding_012.jpg,applauding,applauding,True
C:\Projects\stanford40_split\test\applauding\applauding_013.jpg,applauding,waving hands,False
C:\Projects\stanford40_split\test\applauding\applauding_014.jpg,applauding,applauding,True
C:\Projects\stanford40_split\test\applauding\applauding_016.jpg,applauding,blowing bubbles,False
C:\Projects\stanford40_split\test\applauding\applauding_017.jpg,applauding,waving hands,False
C:\Projects\stanford40_split\test\applauding\applauding_021.jpg,applauding,waving hands,False
C:\Projects\stanford40_split\test\applauding\applauding_024.jpg,applauding,blowing bubbles,False
C:\Projects\stanford40_split\test\applauding\applauding_025.jpg,applauding,waving hands,False
C:\Projects\stanford40_split\test\applauding\applauding_027.jpg,applauding,feeding a horse,False
C:\Projects\stanford40_split\test\applauding\applauding_032.jpg,applauding,drinking,False
C:\Projects\stanford40_split\test\applauding\applauding_045.jpg,applauding,waving hands,False
C:\Projects\stanford40_split\test\applauding\applauding_048.jpg,applauding,applauding,True
C:\Projects\stanford40_split\test\applauding\applauding_050.jpg,applauding,texting message,False
C:\Projects\stanford40_split\test\applauding\applauding_053.jpg,applauding,applauding,True
C:\Projects\stanford40_split\test\applauding\applauding_058.jpg,applauding,waving hands,False
C:\Projects\stanford40_split\test\applauding\applauding_068.jpg,applauding,waving hands,False
C:\Projects\stanford40_split\test\applauding\applauding_072.jpg,applauding,applauding,True
C:\Projects\stanford40_split\test\applauding\applauding_076.jpg,applauding,waving hands,False
C:\Projects\stanford40_split\test\applauding\applauding_080.jpg,applauding,waving hands,False
C:\Projects\stanford40_split\test\applauding\applauding_082.jpg,applauding,waving hands,False
C:\Projects\stanford40_split\test\applauding\applauding_089.jpg,applauding,applauding,True
C:\Projects\stanford40_split\test\applauding\applauding_092.jpg,applauding,waving hands,False
C:\Projects\stanford40_split\test\applauding\applauding_093.jpg,applauding,waving hands,False
C:\Projects\stanford40_split\test\applauding\applauding_097.jpg,applauding,drinking,False
C:\Projects\stanford40_split\test\applauding\applauding_098.jpg,applauding,taking photos,False
C:\Projects\stanford40_split\test\applauding\applauding_102.jpg,applauding,waving hands,False
C:\Projects\stanford40_split\test\applauding\applauding_111.jpg,applauding,waving hands,False
C:\Projects\stanford40_split\test\applauding\applauding_112.jpg,applauding,blowing bubbles,False
C:\Projects\stanford40_split\test\applauding\applauding_113.jpg,applauding,drinking,False
C:\Projects\stanford40_split\test\applauding\applauding_115.jpg,applauding,applauding,True
C:\Projects\stanford40_split\test\applauding\applauding_118.jpg,applauding,applauding,True
C:\Projects\stanford40_split\test\applauding\applauding_120.jpg,applauding,running,False
C:\Projects\stanford40_split\test\applauding\applauding_126.jpg,applauding,waving hands,False
C:\Projects\stanford40_split\test\applauding\applauding_138.jpg,applauding,waving hands,False
C:\Projects\stanford40_split\test\applauding\applauding_141.jpg,applauding,waving hands,False
C:\Projects\stanford40_split\test\applauding\applauding_142.jpg,applauding,blowing bubbles,False
C:\Projects\stanford40_split\test\applauding\applauding_143.jpg,applauding,waving hands,False
C:\Projects\stanford40_split\test\applauding\applauding_148.jpg,applauding,applauding,True
C:\Projects\stanford40_split\test\applauding\applauding_155.jpg,applauding,applauding,True
C:\Projects\stanford40_split\test\applauding\applauding_159.jpg,applauding,drinking,False
C:\Projects\stanford40_split\test\applauding\applauding_161.jpg,applauding,watching TV,False
C:\Projects\stanford40_split\test\applauding\applauding_173.jpg,applauding,applauding,True
C:\Projects\stanford40_split\test\applauding\applauding_175.jpg,applauding,applauding,True
C:\Projects\stanford40_split\test\applauding\applauding_187.jpg,applauding,waving hands,False
C:\Projects\stanford40_split\test\applauding\applauding_207.jpg,applauding,applauding,True
C:\Projects\stanford40_split\test\applauding\applauding_213.jpg,applauding,waving hands,False
C:\Projects\stanford40_split\test\applauding\applauding_215.jpg,applauding,applauding,True
C:\Projects\stanford40_split\test\applauding\applauding_217.jpg,applauding,waving hands,False
C:\Projects\stanford40_split\test\applauding\applauding_221.jpg,applauding,waving hands,False
C:\Projects\stanford40_split\test\applauding\applauding_227.jpg,applauding,waving hands,False
C:\Projects\stanford40_split\test\applauding\applauding_230.jpg,applauding,waving hands,False
C:\Projects\stanford40_split\test\applauding\applauding_237.jpg,applauding,applauding,True
C:\Projects\stanford40_split\test\applauding\applauding_259.jpg,applauding,waving hands,False
C:\Projects\stanford40_split\test\applauding\applauding_261.jpg,applauding,gardening,False
C:\Projects\stanford40_split\test\applauding\applauding_264.jpg,applauding,waving hands,False
C:\Projects\stanford40_split\test\applauding\applauding_276.jpg,applauding,waving hands,False
C:\Projects\stanford40_split\test\blowing_bubbles\blowing_bubbles_001.jpg,blowing bubbles,blowing bubbles,True
C:\Projects\stanford40_split\test\blowing_bubbles\blowing_bubbles_013.jpg,blowing bubbles,blowing bubbles,True
C:\Projects\stanford40_split\test\blowing_bubbles\blowing_bubbles_015.jpg,blowing bubbles,blowing bubbles,True
C:\Projects\stanford40_split\test\blowing_bubbles\blowing_bubbles_016.jpg,blowing bubbles,blowing bubbles,True
C:\Projects\stanford40_split\test\blowing_bubbles\blowing_bubbles_018.jpg,blowing bubbles,blowing bubbles,True
C:\Projects\stanford40_split\test\blowing_bubbles\blowing_bubbles_021.jpg,blowing bubbles,blowing bubbles,True
C:\Projects\stanford40_split\test\blowing_bubbles\blowing_bubbles_040.jpg,blowing bubbles,blowing bubbles,True
C:\Projects\stanford40_split\test\blowing_bubbles\blowing_bubbles_041.jpg,blowing bubbles,blowing bubbles,True
C:\Projects\stanford40_split\test\blowing_bubbles\blowing_bubbles_043.jpg,blowing bubbles,blowing bubbles,True
C:\Projects\stanford40_split\test\blowing_bubbles\blowing_bubbles_048.jpg,blowing bubbles,blowing bubbles,True
C:\Projects\stanford40_split\test\blowing_bubbles\blowing_bubbles_049.jpg,blowing bubbles,blowing bubbles,True
C:\Projects\stanford40_split\test\blowing_bubbles\blowing_bubbles_055.jpg,blowing bubbles,blowing bubbles,True
C:\Projects\stanford40_split\test\blowing_bubbles\blowing_bubbles_056.jpg,blowing bubbles,blowing bubbles,True
C:\Projects\stanford40_split\test\blowing_bubbles\blowing_bubbles_068.jpg,blowing bubbles,blowing bubbles,True
C:\Projects\stanford40_split\test\blowing_bubbles\blowing_bubbles_074.jpg,blowing bubbles,blowing bubbles,True
C:\Projects\stanford40_split\test\blowing_bubbles\blowing_bubbles_076.jpg,blowing bubbles,blowing bubbles,True
C:\Projects\stanford40_split\test\blowing_bubbles\blowing_bubbles_081.jpg,blowing bubbles,blowing bubbles,True
C:\Projects\stanford40_split\test\blowing_bubbles\blowing_bubbles_086.jpg,blowing bubbles,blowing bubbles,True
C:\Projects\stanford40_split\test\blowing_bubbles\blowing_bubbles_098.jpg,blowing bubbles,blowing bubbles,True
C:\Projects\stanford40_split\test\blowing_bubbles\blowing_bubbles_100.jpg,blowing bubbles,blowing bubbles,True
C:\Projects\stanford40_split\test\blowing_bubbles\blowing_bubbles_103.jpg,blowing bubbles,blowing bubbles,True
C:\Projects\stanford40_split\test\blowing_bubbles\blowing_bubbles_109.jpg,blowing bubbles,blowing bubbles,True
C:\Projects\stanford40_split\test\blowing_bubbles\blowing_bubbles_117.jpg,blowing bubbles,blowing bubbles,True
C:\Projects\stanford40_split\test\blowing_bubbles\blowing_bubbles_123.jpg,blowing bubbles,blowing bubbles,True
C:\Projects\stanford40_split\test\blowing_bubbles\blowing_bubbles_125.jpg,blowing bubbles,blowing bubbles,True
C:\Projects\stanford40_split\test\blowing_bubbles\blowing_bubbles_129.jpg,blowing bubbles,blowing bubbles,True
C:\Projects\stanford40_split\test\blowing_bubbles\blowing_bubbles_131.jpg,blowing bubbles,blowing bubbles,True
C:\Projects\stanford40_split\test\blowing_bubbles\blowing_bubbles_136.jpg,blowing bubbles,blowing bubbles,True
C:\Projects\stanford40_split\test\blowing_bubbles\blowing_bubbles_139.jpg,blowing bubbles,blowing bubbles,True
C:\Projects\stanford40_split\test\blowing_bubbles\blowing_bubbles_143.jpg,blowing bubbles,blowing bubbles,True
C:\Projects\stanford40_split\test\blowing_bubbles\blowing_bubbles_149.jpg,blowing bubbles,blowing bubbles,True
C:\Projects\stanford40_split\test\blowing_bubbles\blowing_bubbles_150.jpg,blowing bubbles,blowing bubbles,True
C:\Projects\stanford40_split\test\blowing_bubbles\blowing_bubbles_153.jpg,blowing bubbles,blowing bubbles,True
C:\Projects\stanford40_split\test\blowing_bubbles\blowing_bubbles_170.jpg,blowing bubbles,drinking,False
C:\Projects\stanford40_split\test\blowing_bubbles\blowing_bubbles_179.jpg,blowing bubbles,blowing bubbles,True
C:\Projects\stanford40_split\test\blowing_bubbles\blowing_bubbles_184.jpg,blowing bubbles,blowing bubbles,True
C:\Projects\stanford40_split\test\blowing_bubbles\blowing_bubbles_188.jpg,blowing bubbles,throwing frisby,False
C:\Projects\stanford40_split\test\blowing_bubbles\blowing_bubbles_189.jpg,blowing bubbles,blowing bubbles,True
C:\Projects\stanford40_split\test\blowing_bubbles\blowing_bubbles_192.jpg,blowing bubbles,blowing bubbles,True
C:\Projects\stanford40_split\test\blowing_bubbles\blowing_bubbles_201.jpg,blowing bubbles,blowing bubbles,True
C:\Projects\stanford40_split\test\blowing_bubbles\blowing_bubbles_209.jpg,blowing bubbles,blowing bubbles,True
C:\Projects\stanford40_split\test\blowing_bubbles\blowing_bubbles_210.jpg,blowing bubbles,blowing bubbles,True
C:\Projects\stanford40_split\test\blowing_bubbles\blowing_bubbles_221.jpg,blowing bubbles,blowing bubbles,True
C:\Projects\stanford40_split\test\blowing_bubbles\blowing_bubbles_222.jpg,blowing bubbles,blowing bubbles,True
C:\Projects\stanford40_split\test\blowing_bubbles\blowing_bubbles_228.jpg,blowing bubbles,blowing bubbles,True
C:\Projects\stanford40_split\test\blowing_bubbles\blowing_bubbles_232.jpg,blowing bubbles,blowing bubbles,True
C:\Projects\stanford40_split\test\blowing_bubbles\blowing_bubbles_238.jpg,blowing bubbles,blowing bubbles,True
C:\Projects\stanford40_split\test\blowing_bubbles\blowing_bubbles_243.jpg,blowing bubbles,blowing bubbles,True
C:\Projects\stanford40_split\test\blowing_bubbles\blowing_bubbles_244.jpg,blowing bubbles,blowing bubbles,True
C:\Projects\stanford40_split\test\blowing_bubbles\blowing_bubbles_247.jpg,blowing bubbles,blowing bubbles,True
C:\Projects\stanford40_split\test\blowing_bubbles\blowing_bubbles_249.jpg,blowing bubbles,blowing bubbles,True
C:\Projects\stanford40_split\test\blowing_bubbles\blowing_bubbles_251.jpg,blowing bubbles,blowing bubbles,True
C:\Projects\stanford40_split\test\brushing_teeth\brushing_teeth_001.jpg,brushing teeth,washing dishes,False
C:\Projects\stanford40_split\test\brushing_teeth\brushing_teeth_022.jpg,brushing teeth,brushing teeth,True
C:\Projects\stanford40_split\test\brushing_teeth\brushing_teeth_024.jpg,brushing teeth,brushing teeth,True
C:\Projects\stanford40_split\test\brushing_teeth\brushing_teeth_038.jpg,brushing teeth,smoking,False
C:\Projects\stanford40_split\test\brushing_teeth\brushing_teeth_044.jpg,brushing teeth,brushing teeth,True
C:\Projects\stanford40_split\test\brushing_teeth\brushing_teeth_045.jpg,brushing teeth,brushing teeth,True
C:\Projects\stanford40_split\test\brushing_teeth\brushing_teeth_051.jpg,brushing teeth,brushing teeth,True
C:\Projects\stanford40_split\test\brushing_teeth\brushing_teeth_054.jpg,brushing teeth,brushing teeth,True
C:\Projects\stanford40_split\test\brushing_teeth\brushing_teeth_055.jpg,brushing teeth,brushing teeth,True
C:\Projects\stanford40_split\test\brushing_teeth\brushing_teeth_058.jpg,brushing teeth,washing dishes,False
C:\Projects\stanford40_split\test\brushing_teeth\brushing_teeth_061.jpg,brushing teeth,brushing teeth,True
C:\Projects\stanford40_split\test\brushing_teeth\brushing_teeth_073.jpg,brushing teeth,brushing teeth,True
C:\Projects\stanford40_split\test\brushing_teeth\brushing_teeth_074.jpg,brushing teeth,blowing bubbles,False
C:\Projects\stanford40_split\test\brushing_teeth\brushing_teeth_078.jpg,brushing teeth,brushing teeth,True
C:\Projects\stanford40_split\test\brushing_teeth\brushing_teeth_080.jpg,brushing teeth,brushing teeth,True
C:\Projects\stanford40_split\test\brushing_teeth\brushing_teeth_083.jpg,brushing teeth,waving hands,False
C:\Projects\stanford40_split\test\brushing_teeth\brushing_teeth_086.jpg,brushing teeth,brushing teeth,True
C:\Projects\stanford40_split\test\brushing_teeth\brushing_teeth_098.jpg,brushing teeth,brushing teeth,True
C:\Projects\stanford40_split\test\brushing_teeth\brushing_teeth_104.jpg,brushing teeth,walking the dog,False
C:\Projects\stanford40_split\test\brushing_teeth\brushing_teeth_111.jpg,brushing teeth,brushing teeth,True
C:\Projects\stanford40_split\test\brushing_teeth\brushing_teeth_114.jpg,brushing teeth,drinking,False
C:\Projects\stanford40_split\test\brushing_teeth\brushing_teeth_120.jpg,brushing teeth,brushing teeth,True
C:\Projects\stanford40_split\test\brushing_teeth\brushing_teeth_122.jpg,brushing teeth,brushing teeth,True
C:\Projects\stanford40_split\test\brushing_teeth\brushing_teeth_131.jpg,brushing teeth,brushing teeth,True
C:\Projects\stanford40_split\test\brushing_teeth\brushing_teeth_132.jpg,brushing teeth,brushing teeth,True
C:\Projects\stanford40_split\test\brushing_teeth\brushing_teeth_141.jpg,brushing teeth,brushing teeth,True
C:\Projects\stanford40_split\test\brushing_teeth\brushing_teeth_146.jpg,brushing teeth,washing dishes,False
C:\Projects\stanford40_split\test\brushing_teeth\brushing_teeth_149.jpg,brushing teeth,brushing teeth,True
C:\Projects\stanford40_split\test\brushing_teeth\brushing_teeth_156.jpg,brushing teeth,blowing bubbles,False
C:\Projects\stanford40_split\test\brushing_teeth\brushing_teeth_158.jpg,brushing teeth,smoking,False
C:\Projects\stanford40_split\test\brushing_teeth\brushing_teeth_159.jpg,brushing teeth,brushing teeth,True
C:\Projects\stanford40_split\test\brushing_teeth\brushing_teeth_163.jpg,brushing teeth,brushing teeth,True
C:\Projects\stanford40_split\test\brushing_teeth\brushing_teeth_168.jpg,brushing teeth,blowing bubbles,False
C:\Projects\stanford40_split\test\brushing_teeth\brushing_teeth_169.jpg,brushing teeth,brushing teeth,True
C:\Projects\stanford40_split\test\brushing_teeth\brushing_teeth_171.jpg,brushing teeth,brushing teeth,True
C:\Projects\stanford40_split\test\brushing_teeth\brushing_teeth_173.jpg,brushing teeth,brushing teeth,True
C:\Projects\stanford40_split\test\brushing_teeth\brushing_teeth_174.jpg,brushing teeth,brushing teeth,True
C:\Projects\stanford40_split\test\brushing_teeth\brushing_teeth_180.jpg,brushing teeth,brushing teeth,True
C:\Projects\stanford40_split\test\brushing_teeth\brushing_teeth_192.jpg,brushing teeth,brushing teeth,True
C:\Projects\stanford40_split\test\brushing_teeth\brushing_teeth_193.jpg,brushing teeth,smoking,False
C:\Projects\stanford40_split\test\cleaning_the_floor\cleaning_the_floor_007.jpg,cleaning the floor,cleaning the floor,True
C:\Projects\stanford40_split\test\cleaning_the_floor\cleaning_the_floor_011.jpg,cleaning the floor,cleaning the floor,True
C:\Projects\stanford40_split\test\cleaning_the_floor\cleaning_the_floor_018.jpg,cleaning the floor,cleaning the floor,True
C:\Projects\stanford40_split\test\cleaning_the_floor\cleaning_the_floor_020.jpg,cleaning the floor,cleaning the floor,True
C:\Projects\stanford40_split\test\cleaning_the_floor\cleaning_the_floor_027.jpg,cleaning the floor,cleaning the floor,True
C:\Projects\stanford40_split\test\cleaning_the_floor\cleaning_the_floor_028.jpg,cleaning the floor,cleaning the floor,True
C:\Projects\stanford40_split\test\cleaning_the_floor\cleaning_the_floor_030.jpg,cleaning the floor,cleaning the floor,True
C:\Projects\stanford40_split\test\cleaning_the_floor\cleaning_the_floor_031.jpg,cleaning the floor,cleaning the floor,True
C:\Projects\stanford40_split\test\cleaning_the_floor\cleaning_the_floor_042.jpg,cleaning the floor,cleaning the floor,True
C:\Projects\stanford40_split\test\cleaning_the_floor\cleaning_the_floor_043.jpg,cleaning the floor,cleaning the floor,True
C:\Projects\stanford40_split\test\cleaning_the_floor\cleaning_the_floor_051.jpg,cleaning the floor,cleaning the floor,True
C:\Projects\stanford40_split\test\cleaning_the_floor\cleaning_the_floor_063.jpg,cleaning the floor,cleaning the floor,True
C:\Projects\stanford40_split\test\cleaning_the_floor\cleaning_the_floor_066.jpg,cleaning the floor,cleaning the floor,True
C:\Projects\stanford40_split\test\cleaning_the_floor\cleaning_the_floor_078.jpg,cleaning the floor,cleaning the floor,True
C:\Projects\stanford40_split\test\cleaning_the_floor\cleaning_the_floor_080.jpg,cleaning the floor,cleaning the floor,True
C:\Projects\stanford40_split\test\cleaning_the_floor\cleaning_the_floor_089.jpg,cleaning the floor,cleaning the floor,True
C:\Projects\stanford40_split\test\cleaning_the_floor\cleaning_the_floor_095.jpg,cleaning the floor,cleaning the floor,True
C:\Projects\stanford40_split\test\cleaning_the_floor\cleaning_the_floor_097.jpg,cleaning the floor,cleaning the floor,True
C:\Projects\stanford40_split\test\cleaning_the_floor\cleaning_the_floor_102.jpg,cleaning the floor,cleaning the floor,True
C:\Projects\stanford40_split\test\cleaning_the_floor\cleaning_the_floor_110.jpg,cleaning the floor,cleaning the floor,True
C:\Projects\stanford40_split\test\cleaning_the_floor\cleaning_the_floor_120.jpg,cleaning the floor,cleaning the floor,True
C:\Projects\stanford40_split\test\cleaning_the_floor\cleaning_the_floor_137.jpg,cleaning the floor,cleaning the floor,True
C:\Projects\stanford40_split\test\cleaning_the_floor\cleaning_the_floor_145.jpg,cleaning the floor,cleaning the floor,True
C:\Projects\stanford40_split\test\cleaning_the_floor\cleaning_the_floor_148.jpg,cleaning the floor,cleaning the floor,True
C:\Projects\stanford40_split\test\cleaning_the_floor\cleaning_the_floor_149.jpg,cleaning the floor,cleaning the floor,True
C:\Projects\stanford40_split\test\cleaning_the_floor\cleaning_the_floor_152.jpg,cleaning the floor,cleaning the floor,True
C:\Projects\stanford40_split\test\cleaning_the_floor\cleaning_the_floor_154.jpg,cleaning the floor,cleaning the floor,True
C:\Projects\stanford40_split\test\cleaning_the_floor\cleaning_the_floor_156.jpg,cleaning the floor,cleaning the floor,True
C:\Projects\stanford40_split\test\cleaning_the_floor\cleaning_the_floor_161.jpg,cleaning the floor,cleaning the floor,True
C:\Projects\stanford40_split\test\cleaning_the_floor\cleaning_the_floor_170.jpg,cleaning the floor,cleaning the floor,True
C:\Projects\stanford40_split\test\cleaning_the_floor\cleaning_the_floor_174.jpg,cleaning the floor,cleaning the floor,True
C:\Projects\stanford40_split\test\cleaning_the_floor\cleaning_the_floor_176.jpg,cleaning the floor,cleaning the floor,True
C:\Projects\stanford40_split\test\cleaning_the_floor\cleaning_the_floor_177.jpg,cleaning the floor,cleaning the floor,True
C:\Projects\stanford40_split\test\cleaning_the_floor\cleaning_the_floor_179.jpg,cleaning the floor,cleaning the floor,True
C:\Projects\stanford40_split\test\cleaning_the_floor\cleaning_the_floor_180.jpg,cleaning the floor,cleaning the floor,True
C:\Projects\stanford40_split\test\cleaning_the_floor\cleaning_the_floor_184.jpg,cleaning the floor,cleaning the floor,True
C:\Projects\stanford40_split\test\cleaning_the_floor\cleaning_the_floor_192.jpg,cleaning the floor,cleaning the floor,True
C:\Projects\stanford40_split\test\cleaning_the_floor\cleaning_the_floor_197.jpg,cleaning the floor,cleaning the floor,True
C:\Projects\stanford40_split\test\cleaning_the_floor\cleaning_the_floor_199.jpg,cleaning the floor,cleaning the floor,True
C:\Projects\stanford40_split\test\cleaning_the_floor\cleaning_the_floor_200.jpg,cleaning the floor,cleaning the floor,True
C:\Projects\stanford40_split\test\cleaning_the_floor\cleaning_the_floor_203.jpg,cleaning the floor,cleaning the floor,True
C:\Projects\stanford40_split\test\cleaning_the_floor\cleaning_the_floor_206.jpg,cleaning the floor,cleaning the floor,True
C:\Projects\stanford40_split\test\cleaning_the_floor\cleaning_the_floor_208.jpg,cleaning the floor,washing dishes,False
C:\Projects\stanford40_split\test\climbing\climbing_002.jpg,climbing,climbing,True
C:\Projects\stanford40_split\test\climbing\climbing_006.jpg,climbing,climbing,True
C:\Projects\stanford40_split\test\climbing\climbing_007.jpg,climbing,climbing,True
C:\Projects\stanford40_split\test\climbing\climbing_011.jpg,climbing,climbing,True
C:\Projects\stanford40_split\test\climbing\climbing_017.jpg,climbing,climbing,True
C:\Projects\stanford40_split\test\climbing\climbing_021.jpg,climbing,climbing,True
C:\Projects\stanford40_split\test\climbing\climbing_024.jpg,climbing,climbing,True
C:\Projects\stanford40_split\test\climbing\climbing_031.jpg,climbing,climbing,True
C:\Projects\stanford40_split\test\climbing\climbing_037.jpg,climbing,climbing,True
C:\Projects\stanford40_split\test\climbing\climbing_042.jpg,climbing,climbing,True
C:\Projects\stanford40_split\test\climbing\climbing_059.jpg,climbing,climbing,True
C:\Projects\stanford40_split\test\climbing\climbing_064.jpg,climbing,climbing,True
C:\Projects\stanford40_split\test\climbing\climbing_069.jpg,climbing,climbing,True
C:\Projects\stanford40_split\test\climbing\climbing_073.jpg,climbing,climbing,True
C:\Projects\stanford40_split\test\climbing\climbing_077.jpg,climbing,climbing,True
C:\Projects\stanford40_split\test\climbing\climbing_081.jpg,climbing,climbing,True
C:\Projects\stanford40_split\test\climbing\climbing_085.jpg,climbing,climbing,True
C:\Projects\stanford40_split\test\climbing\climbing_102.jpg,climbing,climbing,True
C:\Projects\stanford40_split\test\climbing\climbing_116.jpg,climbing,climbing,True
C:\Projects\stanford40_split\test\climbing\climbing_119.jpg,climbing,climbing,True
C:\Projects\stanford40_split\test\climbing\climbing_120.jpg,climbing,climbing,True
C:\Projects\stanford40_split\test\climbing\climbing_129.jpg,climbing,climbing,True
C:\Projects\stanford40_split\test\climbing\climbing_136.jpg,climbing,climbing,True
C:\Projects\stanford40_split\test\climbing\climbing_137.jpg,climbing,climbing,True
C:\Projects\stanford40_split\test\climbing\climbing_140.jpg,climbing,climbing,True
C:\Projects\stanford40_split\test\climbing\climbing_145.jpg,climbing,climbing,True
C:\Projects\stanford40_split\test\climbing\climbing_148.jpg,climbing,climbing,True
C:\Projects\stanford40_split\test\climbing\climbing_150.jpg,climbing,climbing,True
C:\Projects\stanford40_split\test\climbing\climbing_151.jpg,climbing,climbing,True
C:\Projects\stanford40_split\test\climbing\climbing_156.jpg,climbing,jumping,False
C:\Projects\stanford40_split\test\climbing\climbing_158.jpg,climbing,climbing,True
C:\Projects\stanford40_split\test\climbing\climbing_166.jpg,climbing,climbing,True
C:\Projects\stanford40_split\test\climbing\climbing_173.jpg,climbing,climbing,True
C:\Projects\stanford40_split\test\climbing\climbing_194.jpg,climbing,climbing,True
C:\Projects\stanford40_split\test\climbing\climbing_196.jpg,climbing,climbing,True
C:\Projects\stanford40_split\test\climbing\climbing_207.jpg,climbing,climbing,True
C:\Projects\stanford40_split\test\climbing\climbing_210.jpg,climbing,climbing,True
C:\Projects\stanford40_split\test\climbing\climbing_211.jpg,climbing,climbing,True
C:\Projects\stanford40_split\test\climbing\climbing_215.jpg,climbing,climbing,True
C:\Projects\stanford40_split\test\climbing\climbing_218.jpg,climbing,climbing,True
C:\Projects\stanford40_split\test\climbing\climbing_221.jpg,climbing,climbing,True
C:\Projects\stanford40_split\test\climbing\climbing_222.jpg,climbing,climbing,True
C:\Projects\stanford40_split\test\climbing\climbing_225.jpg,climbing,climbing,True
C:\Projects\stanford40_split\test\climbing\climbing_231.jpg,climbing,climbing,True
C:\Projects\stanford40_split\test\climbing\climbing_233.jpg,climbing,climbing,True
C:\Projects\stanford40_split\test\climbing\climbing_240.jpg,climbing,climbing,True
C:\Projects\stanford40_split\test\climbing\climbing_241.jpg,climbing,climbing,True
C:\Projects\stanford40_split\test\climbing\climbing_244.jpg,climbing,climbing,True
C:\Projects\stanford40_split\test\climbing\climbing_246.jpg,climbing,climbing,True
C:\Projects\stanford40_split\test\climbing\climbing_247.jpg,climbing,climbing,True
C:\Projects\stanford40_split\test\climbing\climbing_248.jpg,climbing,climbing,True
C:\Projects\stanford40_split\test\climbing\climbing_251.jpg,climbing,climbing,True
C:\Projects\stanford40_split\test\climbing\climbing_253.jpg,climbing,climbing,True
C:\Projects\stanford40_split\test\climbing\climbing_257.jpg,climbing,climbing,True
C:\Projects\stanford40_split\test\climbing\climbing_269.jpg,climbing,climbing,True
C:\Projects\stanford40_split\test\climbing\climbing_270.jpg,climbing,climbing,True
C:\Projects\stanford40_split\test\climbing\climbing_279.jpg,climbing,climbing,True
C:\Projects\stanford40_split\test\climbing\climbing_284.jpg,climbing,climbing,True
C:\Projects\stanford40_split\test\climbing\climbing_287.jpg,climbing,climbing,True
C:\Projects\stanford40_split\test\cooking\cooking_005.jpg,cooking,cooking,True
C:\Projects\stanford40_split\test\cooking\cooking_012.jpg,cooking,cooking,True
C:\Projects\stanford40_split\test\cooking\cooking_018.jpg,cooking,cooking,True
C:\Projects\stanford40_split\test\cooking\cooking_020.jpg,cooking,cooking,True
C:\Projects\stanford40_split\test\cooking\cooking_021.jpg,cooking,cooking,True
C:\Projects\stanford40_split\test\cooking\cooking_024.jpg,cooking,cooking,True
C:\Projects\stanford40_split\test\cooking\cooking_026.jpg,cooking,cooking,True
C:\Projects\stanford40_split\test\cooking\cooking_030.jpg,cooking,cooking,True
C:\Projects\stanford40_split\test\cooking\cooking_037.jpg,cooking,cooking,True
C:\Projects\stanford40_split\test\cooking\cooking_047.jpg,cooking,cooking,True
C:\Projects\stanford40_split\test\cooking\cooking_050.jpg,cooking,cooking,True
C:\Projects\stanford40_split\test\cooking\cooking_058.jpg,cooking,fishing,False
C:\Projects\stanford40_split\test\cooking\cooking_068.jpg,cooking,cooking,True
C:\Projects\stanford40_split\test\cooking\cooking_071.jpg,cooking,cooking,True
C:\Projects\stanford40_split\test\cooking\cooking_076.jpg,cooking,cooking,True
C:\Projects\stanford40_split\test\cooking\cooking_085.jpg,cooking,cooking,True
C:\Projects\stanford40_split\test\cooking\cooking_087.jpg,cooking,cooking,True
C:\Projects\stanford40_split\test\cooking\cooking_090.jpg,cooking,cooking,True
C:\Projects\stanford40_split\test\cooking\cooking_094.jpg,cooking,cooking,True
C:\Projects\stanford40_split\test\cooking\cooking_098.jpg,cooking,cooking,True
C:\Projects\stanford40_split\test\cooking\cooking_102.jpg,cooking,cooking,True
C:\Projects\stanford40_split\test\cooking\cooking_103.jpg,cooking,cooking,True
C:\Projects\stanford40_split\test\cooking\cooking_113.jpg,cooking,cooking,True
C:\Projects\stanford40_split\test\cooking\cooking_118.jpg,cooking,cooking,True
C:\Projects\stanford40_split\test\cooking\cooking_120.jpg,cooking,cooking,True
C:\Projects\stanford40_split\test\cooking\cooking_129.jpg,cooking,cooking,True
C:\Projects\stanford40_split\test\cooking\cooking_132.jpg,cooking,cooking,True
C:\Projects\stanford40_split\test\cooking\cooking_140.jpg,cooking,cooking,True
C:\Projects\stanford40_split\test\cooking\cooking_141.jpg,cooking,cooking,True
C:\Projects\stanford40_split\test\cooking\cooking_143.jpg,cooking,cooking,True
C:\Projects\stanford40_split\test\cooking\cooking_147.jpg,cooking,cooking,True
C:\Projects\stanford40_split\test\cooking\cooking_152.jpg,cooking,cooking,True
C:\Projects\stanford40_split\test\cooking\cooking_159.jpg,cooking,washing dishes,False
C:\Projects\stanford40_split\test\cooking\cooking_168.jpg,cooking,cooking,True
C:\Projects\stanford40_split\test\cooking\cooking_173.jpg,cooking,washing dishes,False
C:\Projects\stanford40_split\test\cooking\cooking_174.jpg,cooking,pouring liquid,False
C:\Projects\stanford40_split\test\cooking\cooking_181.jpg,cooking,washing dishes,False
C:\Projects\stanford40_split\test\cooking\cooking_186.jpg,cooking,cooking,True
C:\Projects\stanford40_split\test\cooking\cooking_187.jpg,cooking,cooking,True
C:\Projects\stanford40_split\test\cooking\cooking_188.jpg,cooking,cutting vegetables,False
C:\Projects\stanford40_split\test\cooking\cooking_192.jpg,cooking,cooking,True
C:\Projects\stanford40_split\test\cooking\cooking_194.jpg,cooking,cooking,True
C:\Projects\stanford40_split\test\cooking\cooking_203.jpg,cooking,cooking,True
C:\Projects\stanford40_split\test\cooking\cooking_206.jpg,cooking,cooking,True
C:\Projects\stanford40_split\test\cooking\cooking_207.jpg,cooking,cooking,True
C:\Projects\stanford40_split\test\cooking\cooking_213.jpg,cooking,cooking,True
C:\Projects\stanford40_split\test\cooking\cooking_217.jpg,cooking,cooking,True
C:\Projects\stanford40_split\test\cooking\cooking_221.jpg,cooking,cooking,True
C:\Projects\stanford40_split\test\cooking\cooking_223.jpg,cooking,cooking,True
C:\Projects\stanford40_split\test\cooking\cooking_226.jpg,cooking,cutting vegetables,False
C:\Projects\stanford40_split\test\cooking\cooking_238.jpg,cooking,cooking,True
C:\Projects\stanford40_split\test\cooking\cooking_247.jpg,cooking,washing dishes,False
C:\Projects\stanford40_split\test\cooking\cooking_248.jpg,cooking,cooking,True
C:\Projects\stanford40_split\test\cooking\cooking_249.jpg,cooking,cooking,True
C:\Projects\stanford40_split\test\cooking\cooking_255.jpg,cooking,washing dishes,False
C:\Projects\stanford40_split\test\cooking\cooking_257.jpg,cooking,cooking,True
C:\Projects\stanford40_split\test\cooking\cooking_269.jpg,cooking,cooking,True
C:\Projects\stanford40_split\test\cooking\cooking_287.jpg,cooking,cooking,True
C:\Projects\stanford40_split\test\cutting_trees\cutting_trees_002.jpg,cutting trees,climbing,False
C:\Projects\stanford40_split\test\cutting_trees\cutting_trees_008.jpg,cutting trees,cutting trees,True
C:\Projects\stanford40_split\test\cutting_trees\cutting_trees_013.jpg,cutting trees,cutting trees,True
C:\Projects\stanford40_split\test\cutting_trees\cutting_trees_014.jpg,cutting trees,cutting trees,True
C:\Projects\stanford40_split\test\cutting_trees\cutting_trees_018.jpg,cutting trees,climbing,False
C:\Projects\stanford40_split\test\cutting_trees\cutting_trees_021.jpg,cutting trees,cutting trees,True
C:\Projects\stanford40_split\test\cutting_trees\cutting_trees_022.jpg,cutting trees,cutting trees,True
C:\Projects\stanford40_split\test\cutting_trees\cutting_trees_024.jpg,cutting trees,cutting trees,True
C:\Projects\stanford40_split\test\cutting_trees\cutting_trees_037.jpg,cutting trees,cutting trees,True
C:\Projects\stanford40_split\test\cutting_trees\cutting_trees_040.jpg,cutting trees,cutting trees,True
C:\Projects\stanford40_split\test\cutting_trees\cutting_trees_041.jpg,cutting trees,cutting trees,True
C:\Projects\stanford40_split\test\cutting_trees\cutting_trees_047.jpg,cutting trees,cutting trees,True
C:\Projects\stanford40_split\test\cutting_trees\cutting_trees_056.jpg,cutting trees,cutting trees,True
C:\Projects\stanford40_split\test\cutting_trees\cutting_trees_069.jpg,cutting trees,cutting trees,True
C:\Projects\stanford40_split\test\cutting_trees\cutting_trees_070.jpg,cutting trees,cutting trees,True
C:\Projects\stanford40_split\test\cutting_trees\cutting_trees_080.jpg,cutting trees,cutting trees,True
C:\Projects\stanford40_split\test\cutting_trees\cutting_trees_084.jpg,cutting trees,cutting trees,True
C:\Projects\stanford40_split\test\cutting_trees\cutting_trees_087.jpg,cutting trees,cutting trees,True
C:\Projects\stanford40_split\test\cutting_trees\cutting_trees_088.jpg,cutting trees,cutting trees,True
C:\Projects\stanford40_split\test\cutting_trees\cutting_trees_090.jpg,cutting trees,cutting trees,True
C:\Projects\stanford40_split\test\cutting_trees\cutting_trees_095.jpg,cutting trees,cutting trees,True
C:\Projects\stanford40_split\test\cutting_trees\cutting_trees_097.jpg,cutting trees,cutting trees,True
C:\Projects\stanford40_split\test\cutting_trees\cutting_trees_103.jpg,cutting trees,cutting vegetables,False
C:\Projects\stanford40_split\test\cutting_trees\cutting_trees_108.jpg,cutting trees,cutting trees,True
C:\Projects\stanford40_split\test\cutting_trees\cutting_trees_117.jpg,cutting trees,cutting trees,True
C:\Projects\stanford40_split\test\cutting_trees\cutting_trees_136.jpg,cutting trees,cutting trees,True
C:\Projects\stanford40_split\test\cutting_trees\cutting_trees_145.jpg,cutting trees,cutting trees,True
C:\Projects\stanford40_split\test\cutting_trees\cutting_trees_146.jpg,cutting trees,cutting trees,True
C:\Projects\stanford40_split\test\cutting_trees\cutting_trees_153.jpg,cutting trees,cutting trees,True
C:\Projects\stanford40_split\test\cutting_trees\cutting_trees_156.jpg,cutting trees,cutting trees,True
C:\Projects\stanford40_split\test\cutting_trees\cutting_trees_159.jpg,cutting trees,cutting trees,True
C:\Projects\stanford40_split\test\cutting_trees\cutting_trees_163.jpg,cutting trees,cutting trees,True
C:\Projects\stanford40_split\test\cutting_trees\cutting_trees_169.jpg,cutting trees,cutting trees,True
C:\Projects\stanford40_split\test\cutting_trees\cutting_trees_175.jpg,cutting trees,cutting trees,True
C:\Projects\stanford40_split\test\cutting_trees\cutting_trees_178.jpg,cutting trees,cutting trees,True
C:\Projects\stanford40_split\test\cutting_trees\cutting_trees_180.jpg,cutting trees,cutting trees,True
C:\Projects\stanford40_split\test\cutting_trees\cutting_trees_190.jpg,cutting trees,cutting trees,True
C:\Projects\stanford40_split\test\cutting_trees\cutting_trees_195.jpg,cutting trees,cutting trees,True
C:\Projects\stanford40_split\test\cutting_trees\cutting_trees_198.jpg,cutting trees,cutting trees,True
C:\Projects\stanford40_split\test\cutting_trees\cutting_trees_199.jpg,cutting trees,cutting trees,True
C:\Projects\stanford40_split\test\cutting_trees\cutting_trees_202.jpg,cutting trees,cutting trees,True
C:\Projects\stanford40_split\test\cutting_vegetables\cutting_vegetables_011.jpg,cutting vegetables,cutting vegetables,True
C:\Projects\stanford40_split\test\cutting_vegetables\cutting_vegetables_014.jpg,cutting vegetables,cutting vegetables,True
C:\Projects\stanford40_split\test\cutting_vegetables\cutting_vegetables_017.jpg,cutting vegetables,cooking,False
C:\Projects\stanford40_split\test\cutting_vegetables\cutting_vegetables_021.jpg,cutting vegetables,cutting vegetables,True
C:\Projects\stanford40_split\test\cutting_vegetables\cutting_vegetables_022.jpg,cutting vegetables,washing dishes,False
C:\Projects\stanford40_split\test\cutting_vegetables\cutting_vegetables_025.jpg,cutting vegetables,cooking,False
C:\Projects\stanford40_split\test\cutting_vegetables\cutting_vegetables_027.jpg,cutting vegetables,cutting vegetables,True
C:\Projects\stanford40_split\test\cutting_vegetables\cutting_vegetables_037.jpg,cutting vegetables,cutting vegetables,True
C:\Projects\stanford40_split\test\cutting_vegetables\cutting_vegetables_039.jpg,cutting vegetables,washing dishes,False
C:\Projects\stanford40_split\test\cutting_vegetables\cutting_vegetables_041.jpg,cutting vegetables,cutting trees,False
C:\Projects\stanford40_split\test\cutting_vegetables\cutting_vegetables_045.jpg,cutting vegetables,cutting vegetables,True
C:\Projects\stanford40_split\test\cutting_vegetables\cutting_vegetables_064.jpg,cutting vegetables,cooking,False
C:\Projects\stanford40_split\test\cutting_vegetables\cutting_vegetables_065.jpg,cutting vegetables,cutting vegetables,True
C:\Projects\stanford40_split\test\cutting_vegetables\cutting_vegetables_073.jpg,cutting vegetables,cutting vegetables,True
C:\Projects\stanford40_split\test\cutting_vegetables\cutting_vegetables_085.jpg,cutting vegetables,cutting vegetables,True
C:\Projects\stanford40_split\test\cutting_vegetables\cutting_vegetables_086.jpg,cutting vegetables,cooking,False
C:\Projects\stanford40_split\test\cutting_vegetables\cutting_vegetables_087.jpg,cutting vegetables,cutting vegetables,True
C:\Projects\stanford40_split\test\cutting_vegetables\cutting_vegetables_088.jpg,cutting vegetables,cutting vegetables,True
C:\Projects\stanford40_split\test\cutting_vegetables\cutting_vegetables_094.jpg,cutting vegetables,cutting vegetables,True
C:\Projects\stanford40_split\test\cutting_vegetables\cutting_vegetables_096.jpg,cutting vegetables,cutting vegetables,True
C:\Projects\stanford40_split\test\cutting_vegetables\cutting_vegetables_099.jpg,cutting vegetables,cutting vegetables,True
C:\Projects\stanford40_split\test\cutting_vegetables\cutting_vegetables_100.jpg,cutting vegetables,cooking,False
C:\Projects\stanford40_split\test\cutting_vegetables\cutting_vegetables_105.jpg,cutting vegetables,cooking,False
C:\Projects\stanford40_split\test\cutting_vegetables\cutting_vegetables_113.jpg,cutting vegetables,cutting vegetables,True
C:\Projects\stanford40_split\test\cutting_vegetables\cutting_vegetables_130.jpg,cutting vegetables,cooking,False
C:\Projects\stanford40_split\test\cutting_vegetables\cutting_vegetables_134.jpg,cutting vegetables,cooking,False
C:\Projects\stanford40_split\test\cutting_vegetables\cutting_vegetables_135.jpg,cutting vegetables,cutting vegetables,True
C:\Projects\stanford40_split\test\cutting_vegetables\cutting_vegetables_143.jpg,cutting vegetables,cutting vegetables,True
C:\Projects\stanford40_split\test\cutting_vegetables\cutting_vegetables_150.jpg,cutting vegetables,cutting vegetables,True
C:\Projects\stanford40_split\test\cutting_vegetables\cutting_vegetables_154.jpg,cutting vegetables,cooking,False
C:\Projects\stanford40_split\test\cutting_vegetables\cutting_vegetables_155.jpg,cutting vegetables,cooking,False
C:\Projects\stanford40_split\test\cutting_vegetables\cutting_vegetables_157.jpg,cutting vegetables,cutting vegetables,True
C:\Projects\stanford40_split\test\cutting_vegetables\cutting_vegetables_162.jpg,cutting vegetables,cooking,False
C:\Projects\stanford40_split\test\cutting_vegetables\cutting_vegetables_165.jpg,cutting vegetables,cutting vegetables,True
C:\Projects\stanford40_split\test\cutting_vegetables\cutting_vegetables_166.jpg,cutting vegetables,cooking,False
C:\Projects\stanford40_split\test\cutting_vegetables\cutting_vegetables_172.jpg,cutting vegetables,cooking,False
C:\Projects\stanford40_split\test\cutting_vegetables\cutting_vegetables_180.jpg,cutting vegetables,cutting vegetables,True
C:\Projects\stanford40_split\test\cutting_vegetables\cutting_vegetables_183.jpg,cutting vegetables,cutting vegetables,True
C:\Projects\stanford40_split\test\drinking\drinking_001.jpg,drinking,drinking,True
C:\Projects\stanford40_split\test\drinking\drinking_005.jpg,drinking,drinking,True
C:\Projects\stanford40_split\test\drinking\drinking_006.jpg,drinking,drinking,True
C:\Projects\stanford40_split\test\drinking\drinking_012.jpg,drinking,brushing teeth,False
C:\Projects\stanford40_split\test\drinking\drinking_017.jpg,drinking,drinking,True
C:\Projects\stanford40_split\test\drinking\drinking_018.jpg,drinking,drinking,True
C:\Projects\stanford40_split\test\drinking\drinking_022.jpg,drinking,drinking,True
C:\Projects\stanford40_split\test\drinking\drinking_029.jpg,drinking,drinking,True
C:\Projects\stanford40_split\test\drinking\drinking_037.jpg,drinking,blowing bubbles,False
C:\Projects\stanford40_split\test\drinking\drinking_048.jpg,drinking,drinking,True
C:\Projects\stanford40_split\test\drinking\drinking_062.jpg,drinking,drinking,True
C:\Projects\stanford40_split\test\drinking\drinking_065.jpg,drinking,drinking,True
C:\Projects\stanford40_split\test\drinking\drinking_075.jpg,drinking,drinking,True
C:\Projects\stanford40_split\test\drinking\drinking_091.jpg,drinking,taking photos,False
C:\Projects\stanford40_split\test\drinking\drinking_092.jpg,drinking,drinking,True
C:\Projects\stanford40_split\test\drinking\drinking_093.jpg,drinking,brushing teeth,False
C:\Projects\stanford40_split\test\drinking\drinking_096.jpg,drinking,drinking,True
C:\Projects\stanford40_split\test\drinking\drinking_100.jpg,drinking,drinking,True
C:\Projects\stanford40_split\test\drinking\drinking_107.jpg,drinking,drinking,True
C:\Projects\stanford40_split\test\drinking\drinking_108.jpg,drinking,drinking,True
C:\Projects\stanford40_split\test\drinking\drinking_110.jpg,drinking,drinking,True
C:\Projects\stanford40_split\test\drinking\drinking_118.jpg,drinking,drinking,True
C:\Projects\stanford40_split\test\drinking\drinking_121.jpg,drinking,drinking,True
C:\Projects\stanford40_split\test\drinking\drinking_123.jpg,drinking,smoking,False
C:\Projects\stanford40_split\test\drinking\drinking_128.jpg,drinking,drinking,True
C:\Projects\stanford40_split\test\drinking\drinking_130.jpg,drinking,drinking,True
C:\Projects\stanford40_split\test\drinking\drinking_132.jpg,drinking,drinking,True
C:\Projects\stanford40_split\test\drinking\drinking_135.jpg,drinking,drinking,True
C:\Projects\stanford40_split\test\drinking\drinking_138.jpg,drinking,drinking,True
C:\Projects\stanford40_split\test\drinking\drinking_140.jpg,drinking,drinking,True
C:\Projects\stanford40_split\test\drinking\drinking_142.jpg,drinking,drinking,True
C:\Projects\stanford40_split\test\drinking\drinking_147.jpg,drinking,pouring liquid,False
C:\Projects\stanford40_split\test\drinking\drinking_148.jpg,drinking,drinking,True
C:\Projects\stanford40_split\test\drinking\drinking_153.jpg,drinking,drinking,True
C:\Projects\stanford40_split\test\drinking\drinking_158.jpg,drinking,drinking,True
C:\Projects\stanford40_split\test\drinking\drinking_160.jpg,drinking,using a computer,False
C:\Projects\stanford40_split\test\drinking\drinking_162.jpg,drinking,drinking,True
C:\Projects\stanford40_split\test\drinking\drinking_163.jpg,drinking,drinking,True
C:\Projects\stanford40_split\test\drinking\drinking_164.jpg,drinking,drinking,True
C:\Projects\stanford40_split\test\drinking\drinking_171.jpg,drinking,phoning,False
C:\Projects\stanford40_split\test\drinking\drinking_172.jpg,drinking,drinking,True
C:\Projects\stanford40_split\test\drinking\drinking_184.jpg,drinking,drinking,True
C:\Projects\stanford40_split\test\drinking\drinking_192.jpg,drinking,drinking,True
C:\Projects\stanford40_split\test\drinking\drinking_202.jpg,drinking,drinking,True
C:\Projects\stanford40_split\test\drinking\drinking_204.jpg,drinking,drinking,True
C:\Projects\stanford40_split\test\drinking\drinking_214.jpg,drinking,drinking,True
C:\Projects\stanford40_split\test\drinking\drinking_215.jpg,drinking,drinking,True
C:\Projects\stanford40_split\test\drinking\drinking_219.jpg,drinking,pouring liquid,False
C:\Projects\stanford40_split\test\drinking\drinking_224.jpg,drinking,drinking,True
C:\Projects\stanford40_split\test\drinking\drinking_232.jpg,drinking,blowing bubbles,False
C:\Projects\stanford40_split\test\drinking\drinking_239.jpg,drinking,drinking,True
C:\Projects\stanford40_split\test\drinking\drinking_243.jpg,drinking,drinking,True
C:\Projects\stanford40_split\test\feeding_a_horse\feeding_a_horse_008.jpg,feeding a horse,feeding a horse,True
C:\Projects\stanford40_split\test\feeding_a_horse\feeding_a_horse_012.jpg,feeding a horse,feeding a horse,True
C:\Projects\stanford40_split\test\feeding_a_horse\feeding_a_horse_015.jpg,feeding a horse,feeding a horse,True
C:\Projects\stanford40_split\test\feeding_a_horse\feeding_a_horse_021.jpg,feeding a horse,feeding a horse,True
C:\Projects\stanford40_split\test\feeding_a_horse\feeding_a_horse_022.jpg,feeding a horse,feeding a horse,True
C:\Projects\stanford40_split\test\feeding_a_horse\feeding_a_horse_029.jpg,feeding a horse,feeding a horse,True
C:\Projects\stanford40_split\test\feeding_a_horse\feeding_a_horse_041.jpg,feeding a horse,feeding a horse,True
C:\Projects\stanford40_split\test\feeding_a_horse\feeding_a_horse_048.jpg,feeding a horse,feeding a horse,True
C:\Projects\stanford40_split\test\feeding_a_horse\feeding_a_horse_054.jpg,feeding a horse,feeding a horse,True
C:\Projects\stanford40_split\test\feeding_a_horse\feeding_a_horse_063.jpg,feeding a horse,feeding a horse,True
C:\Projects\stanford40_split\test\feeding_a_horse\feeding_a_horse_064.jpg,feeding a horse,feeding a horse,True
C:\Projects\stanford40_split\test\feeding_a_horse\feeding_a_horse_065.jpg,feeding a horse,feeding a horse,True
C:\Projects\stanford40_split\test\feeding_a_horse\feeding_a_horse_066.jpg,feeding a horse,feeding a horse,True
C:\Projects\stanford40_split\test\feeding_a_horse\feeding_a_horse_067.jpg,feeding a horse,feeding a horse,True
C:\Projects\stanford40_split\test\feeding_a_horse\feeding_a_horse_068.jpg,feeding a horse,feeding a horse,True
C:\Projects\stanford40_split\test\feeding_a_horse\feeding_a_horse_075.jpg,feeding a horse,feeding a horse,True
C:\Projects\stanford40_split\test\feeding_a_horse\feeding_a_horse_078.jpg,feeding a horse,feeding a horse,True
C:\Projects\stanford40_split\test\feeding_a_horse\feeding_a_horse_079.jpg,feeding a horse,feeding a horse,True
C:\Projects\stanford40_split\test\feeding_a_horse\feeding_a_horse_083.jpg,feeding a horse,feeding a horse,True
C:\Projects\stanford40_split\test\feeding_a_horse\feeding_a_horse_085.jpg,feeding a horse,feeding a horse,True
C:\Projects\stanford40_split\test\feeding_a_horse\feeding_a_horse_087.jpg,feeding a horse,feeding a horse,True
C:\Projects\stanford40_split\test\feeding_a_horse\feeding_a_horse_088.jpg,feeding a horse,feeding a horse,True
C:\Projects\stanford40_split\test\feeding_a_horse\feeding_a_horse_094.jpg,feeding a horse,feeding a horse,True
C:\Projects\stanford40_split\test\feeding_a_horse\feeding_a_horse_101.jpg,feeding a horse,feeding a horse,True
C:\Projects\stanford40_split\test\feeding_a_horse\feeding_a_horse_107.jpg,feeding a horse,feeding a horse,True
C:\Projects\stanford40_split\test\feeding_a_horse\feeding_a_horse_116.jpg,feeding a horse,feeding a horse,True
C:\Projects\stanford40_split\test\feeding_a_horse\feeding_a_horse_124.jpg,feeding a horse,feeding a horse,True
C:\Projects\stanford40_split\test\feeding_a_horse\feeding_a_horse_128.jpg,feeding a horse,feeding a horse,True
C:\Projects\stanford40_split\test\feeding_a_horse\feeding_a_horse_129.jpg,feeding a horse,feeding a horse,True
C:\Projects\stanford40_split\test\feeding_a_horse\feeding_a_horse_140.jpg,feeding a horse,feeding a horse,True
C:\Projects\stanford40_split\test\feeding_a_horse\feeding_a_horse_141.jpg,feeding a horse,feeding a horse,True
C:\Projects\stanford40_split\test\feeding_a_horse\feeding_a_horse_146.jpg,feeding a horse,feeding a horse,True
C:\Projects\stanford40_split\test\feeding_a_horse\feeding_a_horse_147.jpg,feeding a horse,feeding a horse,True
C:\Projects\stanford40_split\test\feeding_a_horse\feeding_a_horse_148.jpg,feeding a horse,feeding a horse,True
C:\Projects\stanford40_split\test\feeding_a_horse\feeding_a_horse_156.jpg,feeding a horse,feeding a horse,True
C:\Projects\stanford40_split\test\feeding_a_horse\feeding_a_horse_159.jpg,feeding a horse,feeding a horse,True
C:\Projects\stanford40_split\test\feeding_a_horse\feeding_a_horse_161.jpg,feeding a horse,feeding a horse,True
C:\Projects\stanford40_split\test\feeding_a_horse\feeding_a_horse_164.jpg,feeding a horse,feeding a horse,True
C:\Projects\stanford40_split\test\feeding_a_horse\feeding_a_horse_165.jpg,feeding a horse,feeding a horse,True
C:\Projects\stanford40_split\test\feeding_a_horse\feeding_a_horse_166.jpg,feeding a horse,feeding a horse,True
C:\Projects\stanford40_split\test\feeding_a_horse\feeding_a_horse_167.jpg,feeding a horse,feeding a horse,True
C:\Projects\stanford40_split\test\feeding_a_horse\feeding_a_horse_173.jpg,feeding a horse,feeding a horse,True
C:\Projects\stanford40_split\test\feeding_a_horse\feeding_a_horse_178.jpg,feeding a horse,feeding a horse,True
C:\Projects\stanford40_split\test\feeding_a_horse\feeding_a_horse_197.jpg,feeding a horse,feeding a horse,True
C:\Projects\stanford40_split\test\feeding_a_horse\feeding_a_horse_198.jpg,feeding a horse,feeding a horse,True
C:\Projects\stanford40_split\test\feeding_a_horse\feeding_a_horse_207.jpg,feeding a horse,feeding a horse,True
C:\Projects\stanford40_split\test\feeding_a_horse\feeding_a_horse_222.jpg,feeding a horse,feeding a horse,True
C:\Projects\stanford40_split\test\feeding_a_horse\feeding_a_horse_228.jpg,feeding a horse,feeding a horse,True
C:\Projects\stanford40_split\test\feeding_a_horse\feeding_a_horse_231.jpg,feeding a horse,feeding a horse,True
C:\Projects\stanford40_split\test\feeding_a_horse\feeding_a_horse_243.jpg,feeding a horse,feeding a horse,True
C:\Projects\stanford40_split\test\feeding_a_horse\feeding_a_horse_252.jpg,feeding a horse,feeding a horse,True
C:\Projects\stanford40_split\test\feeding_a_horse\feeding_a_horse_258.jpg,feeding a horse,feeding a horse,True
C:\Projects\stanford40_split\test\feeding_a_horse\feeding_a_horse_266.jpg,feeding a horse,feeding a horse,True
C:\Projects\stanford40_split\test\feeding_a_horse\feeding_a_horse_277.jpg,feeding a horse,feeding a horse,True
C:\Projects\stanford40_split\test\feeding_a_horse\feeding_a_horse_278.jpg,feeding a horse,feeding a horse,True
C:\Projects\stanford40_split\test\feeding_a_horse\feeding_a_horse_279.jpg,feeding a horse,feeding a horse,True
C:\Projects\stanford40_split\test\feeding_a_horse\feeding_a_horse_282.jpg,feeding a horse,feeding a horse,True
C:\Projects\stanford40_split\test\feeding_a_horse\feeding_a_horse_283.jpg,feeding a horse,feeding a horse,True
C:\Projects\stanford40_split\test\fishing\fishing_002.jpg,fishing,fishing,True
C:\Projects\stanford40_split\test\fishing\fishing_010.jpg,fishing,fishing,True
C:\Projects\stanford40_split\test\fishing\fishing_016.jpg,fishing,fishing,True
C:\Projects\stanford40_split\test\fishing\fishing_023.jpg,fishing,fishing,True
C:\Projects\stanford40_split\test\fishing\fishing_026.jpg,fishing,fishing,True
C:\Projects\stanford40_split\test\fishing\fishing_027.jpg,fishing,fishing,True
C:\Projects\stanford40_split\test\fishing\fishing_036.jpg,fishing,fishing,True
C:\Projects\stanford40_split\test\fishing\fishing_041.jpg,fishing,shooting an arrow,False
C:\Projects\stanford40_split\test\fishing\fishing_045.jpg,fishing,fishing,True
C:\Projects\stanford40_split\test\fishing\fishing_052.jpg,fishing,fishing,True
C:\Projects\stanford40_split\test\fishing\fishing_056.jpg,fishing,fishing,True
C:\Projects\stanford40_split\test\fishing\fishing_060.jpg,fishing,fishing,True
C:\Projects\stanford40_split\test\fishing\fishing_071.jpg,fishing,fishing,True
C:\Projects\stanford40_split\test\fishing\fishing_074.jpg,fishing,fishing,True
C:\Projects\stanford40_split\test\fishing\fishing_083.jpg,fishing,fishing,True
C:\Projects\stanford40_split\test\fishing\fishing_104.jpg,fishing,fishing,True
C:\Projects\stanford40_split\test\fishing\fishing_105.jpg,fishing,fishing,True
C:\Projects\stanford40_split\test\fishing\fishing_107.jpg,fishing,fishing,True
C:\Projects\stanford40_split\test\fishing\fishing_110.jpg,fishing,fishing,True
C:\Projects\stanford40_split\test\fishing\fishing_116.jpg,fishing,fishing,True
C:\Projects\stanford40_split\test\fishing\fishing_120.jpg,fishing,fishing,True
C:\Projects\stanford40_split\test\fishing\fishing_122.jpg,fishing,fishing,True
C:\Projects\stanford40_split\test\fishing\fishing_123.jpg,fishing,fishing,True
C:\Projects\stanford40_split\test\fishing\fishing_125.jpg,fishing,fishing,True
C:\Projects\stanford40_split\test\fishing\fishing_132.jpg,fishing,fishing,True
C:\Projects\stanford40_split\test\fishing\fishing_137.jpg,fishing,fishing,True
C:\Projects\stanford40_split\test\fishing\fishing_139.jpg,fishing,fishing,True
C:\Projects\stanford40_split\test\fishing\fishing_140.jpg,fishing,fishing,True
C:\Projects\stanford40_split\test\fishing\fishing_141.jpg,fishing,fishing,True
C:\Projects\stanford40_split\test\fishing\fishing_147.jpg,fishing,rowing a boat,False
C:\Projects\stanford40_split\test\fishing\fishing_166.jpg,fishing,reading,False
C:\Projects\stanford40_split\test\fishing\fishing_167.jpg,fishing,fishing,True
C:\Projects\stanford40_split\test\fishing\fishing_168.jpg,fishing,fishing,True
C:\Projects\stanford40_split\test\fishing\fishing_170.jpg,fishing,fishing,True
C:\Projects\stanford40_split\test\fishing\fishing_175.jpg,fishing,fishing,True
C:\Projects\stanford40_split\test\fishing\fishing_186.jpg,fishing,fishing,True
C:\Projects\stanford40_split\test\fishing\fishing_190.jpg,fishing,fishing,True
C:\Projects\stanford40_split\test\fishing\fishing_194.jpg,fishing,fishing,True
C:\Projects\stanford40_split\test\fishing\fishing_197.jpg,fishing,fishing,True
C:\Projects\stanford40_split\test\fishing\fishing_198.jpg,fishing,playing violin,False
C:\Projects\stanford40_split\test\fishing\fishing_212.jpg,fishing,fishing,True
C:\Projects\stanford40_split\test\fishing\fishing_215.jpg,fishing,fishing,True
C:\Projects\stanford40_split\test\fishing\fishing_218.jpg,fishing,fishing,True
C:\Projects\stanford40_split\test\fishing\fishing_225.jpg,fishing,fishing,True
C:\Projects\stanford40_split\test\fishing\fishing_226.jpg,fishing,fishing,True
C:\Projects\stanford40_split\test\fishing\fishing_236.jpg,fishing,fishing,True
C:\Projects\stanford40_split\test\fishing\fishing_238.jpg,fishing,fishing,True
C:\Projects\stanford40_split\test\fishing\fishing_239.jpg,fishing,fishing,True
C:\Projects\stanford40_split\test\fishing\fishing_240.jpg,fishing,fishing,True
C:\Projects\stanford40_split\test\fishing\fishing_242.jpg,fishing,fishing,True
C:\Projects\stanford40_split\test\fishing\fishing_246.jpg,fishing,fishing,True
C:\Projects\stanford40_split\test\fishing\fishing_247.jpg,fishing,fishing,True
C:\Projects\stanford40_split\test\fishing\fishing_259.jpg,fishing,fishing,True
C:\Projects\stanford40_split\test\fishing\fishing_263.jpg,fishing,reading,False
C:\Projects\stanford40_split\test\fishing\fishing_265.jpg,fishing,fishing,True
C:\Projects\stanford40_split\test\fixing_a_bike\fixing_a_bike_012.jpg,fixing a bike,fixing a bike,True
C:\Projects\stanford40_split\test\fixing_a_bike\fixing_a_bike_013.jpg,fixing a bike,fixing a bike,True
C:\Projects\stanford40_split\test\fixing_a_bike\fixing_a_bike_015.jpg,fixing a bike,fixing a bike,True
C:\Projects\stanford40_split\test\fixing_a_bike\fixing_a_bike_016.jpg,fixing a bike,fixing a bike,True
C:\Projects\stanford40_split\test\fixing_a_bike\fixing_a_bike_036.jpg,fixing a bike,fixing a bike,True
C:\Projects\stanford40_split\test\fixing_a_bike\fixing_a_bike_037.jpg,fixing a bike,fixing a bike,True
C:\Projects\stanford40_split\test\fixing_a_bike\fixing_a_bike_045.jpg,fixing a bike,fixing a bike,True
C:\Projects\stanford40_split\test\fixing_a_bike\fixing_a_bike_056.jpg,fixing a bike,fixing a bike,True
C:\Projects\stanford40_split\test\fixing_a_bike\fixing_a_bike_057.jpg,fixing a bike,fixing a bike,True
C:\Projects\stanford40_split\test\fixing_a_bike\fixing_a_bike_060.jpg,fixing a bike,fixing a bike,True
C:\Projects\stanford40_split\test\fixing_a_bike\fixing_a_bike_061.jpg,fixing a bike,fixing a bike,True
C:\Projects\stanford40_split\test\fixing_a_bike\fixing_a_bike_063.jpg,fixing a bike,fixing a bike,True
C:\Projects\stanford40_split\test\fixing_a_bike\fixing_a_bike_071.jpg,fixing a bike,fixing a bike,True
C:\Projects\stanford40_split\test\fixing_a_bike\fixing_a_bike_075.jpg,fixing a bike,fixing a bike,True
C:\Projects\stanford40_split\test\fixing_a_bike\fixing_a_bike_077.jpg,fixing a bike,fixing a bike,True
C:\Projects\stanford40_split\test\fixing_a_bike\fixing_a_bike_078.jpg,fixing a bike,fixing a bike,True
C:\Projects\stanford40_split\test\fixing_a_bike\fixing_a_bike_082.jpg,fixing a bike,fixing a bike,True
C:\Projects\stanford40_split\test\fixing_a_bike\fixing_a_bike_083.jpg,fixing a bike,fixing a bike,True
C:\Projects\stanford40_split\test\fixing_a_bike\fixing_a_bike_089.jpg,fixing a bike,fixing a bike,True
C:\Projects\stanford40_split\test\fixing_a_bike\fixing_a_bike_103.jpg,fixing a bike,fixing a bike,True
C:\Projects\stanford40_split\test\fixing_a_bike\fixing_a_bike_106.jpg,fixing a bike,riding a bike,False
C:\Projects\stanford40_split\test\fixing_a_bike\fixing_a_bike_110.jpg,fixing a bike,fixing a bike,True
C:\Projects\stanford40_split\test\fixing_a_bike\fixing_a_bike_113.jpg,fixing a bike,fixing a bike,True
C:\Projects\stanford40_split\test\fixing_a_bike\fixing_a_bike_127.jpg,fixing a bike,fixing a bike,True
C:\Projects\stanford40_split\test\fixing_a_bike\fixing_a_bike_129.jpg,fixing a bike,riding a bike,False
C:\Projects\stanford40_split\test\fixing_a_bike\fixing_a_bike_134.jpg,fixing a bike,fixing a bike,True
C:\Projects\stanford40_split\test\fixing_a_bike\fixing_a_bike_139.jpg,fixing a bike,fixing a bike,True
C:\Projects\stanford40_split\test\fixing_a_bike\fixing_a_bike_143.jpg,fixing a bike,fixing a bike,True
C:\Projects\stanford40_split\test\fixing_a_bike\fixing_a_bike_148.jpg,fixing a bike,fixing a bike,True
C:\Projects\stanford40_split\test\fixing_a_bike\fixing_a_bike_152.jpg,fixing a bike,fixing a bike,True
C:\Projects\stanford40_split\test\fixing_a_bike\fixing_a_bike_154.jpg,fixing a bike,fixing a bike,True
C:\Projects\stanford40_split\test\fixing_a_bike\fixing_a_bike_161.jpg,fixing a bike,fixing a bike,True
C:\Projects\stanford40_split\test\fixing_a_bike\fixing_a_bike_165.jpg,fixing a bike,fixing a bike,True
C:\Projects\stanford40_split\test\fixing_a_bike\fixing_a_bike_170.jpg,fixing a bike,fixing a bike,True
C:\Projects\stanford40_split\test\fixing_a_bike\fixing_a_bike_173.jpg,fixing a bike,fixing a bike,True
C:\Projects\stanford40_split\test\fixing_a_bike\fixing_a_bike_174.jpg,fixing a bike,fixing a bike,True
C:\Projects\stanford40_split\test\fixing_a_bike\fixing_a_bike_188.jpg,fixing a bike,fixing a bike,True
C:\Projects\stanford40_split\test\fixing_a_bike\fixing_a_bike_189.jpg,fixing a bike,fixing a bike,True
C:\Projects\stanford40_split\test\fixing_a_bike\fixing_a_bike_190.jpg,fixing a bike,fixing a bike,True
C:\Projects\stanford40_split\test\fixing_a_bike\fixing_a_bike_194.jpg,fixing a bike,fixing a bike,True
C:\Projects\stanford40_split\test\fixing_a_bike\fixing_a_bike_198.jpg,fixing a bike,fixing a bike,True
C:\Projects\stanford40_split\test\fixing_a_bike\fixing_a_bike_199.jpg,fixing a bike,fixing a bike,True
C:\Projects\stanford40_split\test\fixing_a_bike\fixing_a_bike_209.jpg,fixing a bike,fixing a bike,True
C:\Projects\stanford40_split\test\fixing_a_bike\fixing_a_bike_211.jpg,fixing a bike,fixing a bike,True
C:\Projects\stanford40_split\test\fixing_a_bike\fixing_a_bike_220.jpg,fixing a bike,fixing a bike,True
C:\Projects\stanford40_split\test\fixing_a_bike\fixing_a_bike_223.jpg,fixing a bike,fixing a bike,True
C:\Projects\stanford40_split\test\fixing_a_car\fixing_a_car_003.jpg,fixing a car,fixing a car,True
C:\Projects\stanford40_split\test\fixing_a_car\fixing_a_car_005.jpg,fixing a car,fixing a car,True
C:\Projects\stanford40_split\test\fixing_a_car\fixing_a_car_009.jpg,fixing a car,fixing a car,True
C:\Projects\stanford40_split\test\fixing_a_car\fixing_a_car_011.jpg,fixing a car,fixing a car,True
C:\Projects\stanford40_split\test\fixing_a_car\fixing_a_car_012.jpg,fixing a car,fixing a car,True
C:\Projects\stanford40_split\test\fixing_a_car\fixing_a_car_015.jpg,fixing a car,fixing a car,True
C:\Projects\stanford40_split\test\fixing_a_car\fixing_a_car_020.jpg,fixing a car,fixing a car,True
C:\Projects\stanford40_split\test\fixing_a_car\fixing_a_car_022.jpg,fixing a car,fixing a car,True
C:\Projects\stanford40_split\test\fixing_a_car\fixing_a_car_024.jpg,fixing a car,fixing a car,True
C:\Projects\stanford40_split\test\fixing_a_car\fixing_a_car_025.jpg,fixing a car,fixing a car,True
C:\Projects\stanford40_split\test\fixing_a_car\fixing_a_car_037.jpg,fixing a car,fixing a car,True
C:\Projects\stanford40_split\test\fixing_a_car\fixing_a_car_042.jpg,fixing a car,fixing a car,True
C:\Projects\stanford40_split\test\fixing_a_car\fixing_a_car_044.jpg,fixing a car,fixing a car,True
C:\Projects\stanford40_split\test\fixing_a_car\fixing_a_car_046.jpg,fixing a car,fixing a car,True
C:\Projects\stanford40_split\test\fixing_a_car\fixing_a_car_054.jpg,fixing a car,fixing a car,True
C:\Projects\stanford40_split\test\fixing_a_car\fixing_a_car_055.jpg,fixing a car,fixing a car,True
C:\Projects\stanford40_split\test\fixing_a_car\fixing_a_car_059.jpg,fixing a car,fixing a car,True
C:\Projects\stanford40_split\test\fixing_a_car\fixing_a_car_070.jpg,fixing a car,pouring liquid,False
C:\Projects\stanford40_split\test\fixing_a_car\fixing_a_car_072.jpg,fixing a car,fixing a car,True
C:\Projects\stanford40_split\test\fixing_a_car\fixing_a_car_077.jpg,fixing a car,fixing a car,True
C:\Projects\stanford40_split\test\fixing_a_car\fixing_a_car_081.jpg,fixing a car,fixing a car,True
C:\Projects\stanford40_split\test\fixing_a_car\fixing_a_car_085.jpg,fixing a car,looking through a telescope,False
C:\Projects\stanford40_split\test\fixing_a_car\fixing_a_car_097.jpg,fixing a car,fixing a car,True
C:\Projects\stanford40_split\test\fixing_a_car\fixing_a_car_098.jpg,fixing a car,fixing a car,True
C:\Projects\stanford40_split\test\fixing_a_car\fixing_a_car_102.jpg,fixing a car,fixing a car,True
C:\Projects\stanford40_split\test\fixing_a_car\fixing_a_car_104.jpg,fixing a car,fixing a car,True
C:\Projects\stanford40_split\test\fixing_a_car\fixing_a_car_112.jpg,fixing a car,fixing a car,True
C:\Projects\stanford40_split\test\fixing_a_car\fixing_a_car_122.jpg,fixing a car,fixing a car,True
C:\Projects\stanford40_split\test\fixing_a_car\fixing_a_car_128.jpg,fixing a car,fixing a car,True
C:\Projects\stanford40_split\test\fixing_a_car\fixing_a_car_136.jpg,fixing a car,fixing a car,True
C:\Projects\stanford40_split\test\fixing_a_car\fixing_a_car_140.jpg,fixing a car,fixing a car,True
C:\Projects\stanford40_split\test\fixing_a_car\fixing_a_car_142.jpg,fixing a car,fixing a car,True
C:\Projects\stanford40_split\test\fixing_a_car\fixing_a_car_145.jpg,fixing a car,fixing a car,True
C:\Projects\stanford40_split\test\fixing_a_car\fixing_a_car_146.jpg,fixing a car,fixing a car,True
C:\Projects\stanford40_split\test\fixing_a_car\fixing_a_car_151.jpg,fixing a car,fixing a car,True
C:\Projects\stanford40_split\test\fixing_a_car\fixing_a_car_164.jpg,fixing a car,fixing a car,True
C:\Projects\stanford40_split\test\fixing_a_car\fixing_a_car_166.jpg,fixing a car,fixing a car,True
C:\Projects\stanford40_split\test\fixing_a_car\fixing_a_car_169.jpg,fixing a car,fixing a car,True
C:\Projects\stanford40_split\test\fixing_a_car\fixing_a_car_176.jpg,fixing a car,fixing a car,True
C:\Projects\stanford40_split\test\fixing_a_car\fixing_a_car_178.jpg,fixing a car,fixing a car,True
C:\Projects\stanford40_split\test\fixing_a_car\fixing_a_car_180.jpg,fixing a car,fixing a car,True
C:\Projects\stanford40_split\test\fixing_a_car\fixing_a_car_183.jpg,fixing a car,fixing a car,True
C:\Projects\stanford40_split\test\fixing_a_car\fixing_a_car_193.jpg,fixing a car,fixing a car,True
C:\Projects\stanford40_split\test\fixing_a_car\fixing_a_car_201.jpg,fixing a car,fixing a car,True
C:\Projects\stanford40_split\test\fixing_a_car\fixing_a_car_217.jpg,fixing a car,fixing a car,True
C:\Projects\stanford40_split\test\fixing_a_car\fixing_a_car_219.jpg,fixing a car,fixing a car,True
C:\Projects\stanford40_split\test\fixing_a_car\fixing_a_car_220.jpg,fixing a car,fixing a car,True
C:\Projects\stanford40_split\test\fixing_a_car\fixing_a_car_223.jpg,fixing a car,fixing a car,True
C:\Projects\stanford40_split\test\fixing_a_car\fixing_a_car_230.jpg,fixing a car,fixing a car,True
C:\Projects\stanford40_split\test\fixing_a_car\fixing_a_car_233.jpg,fixing a car,fixing a car,True
C:\Projects\stanford40_split\test\fixing_a_car\fixing_a_car_246.jpg,fixing a car,fixing a car,True
C:\Projects\stanford40_split\test\gardening\gardening_003.jpg,gardening,gardening,True
C:\Projects\stanford40_split\test\gardening\gardening_007.jpg,gardening,gardening,True
C:\Projects\stanford40_split\test\gardening\gardening_022.jpg,gardening,gardening,True
C:\Projects\stanford40_split\test\gardening\gardening_026.jpg,gardening,gardening,True
C:\Projects\stanford40_split\test\gardening\gardening_027.jpg,gardening,gardening,True
C:\Projects\stanford40_split\test\gardening\gardening_028.jpg,gardening,gardening,True
C:\Projects\stanford40_split\test\gardening\gardening_030.jpg,gardening,gardening,True
C:\Projects\stanford40_split\test\gardening\gardening_037.jpg,gardening,gardening,True
C:\Projects\stanford40_split\test\gardening\gardening_039.jpg,gardening,gardening,True
C:\Projects\stanford40_split\test\gardening\gardening_057.jpg,gardening,gardening,True
C:\Projects\stanford40_split\test\gardening\gardening_067.jpg,gardening,gardening,True
C:\Projects\stanford40_split\test\gardening\gardening_076.jpg,gardening,gardening,True
C:\Projects\stanford40_split\test\gardening\gardening_080.jpg,gardening,gardening,True
C:\Projects\stanford40_split\test\gardening\gardening_085.jpg,gardening,gardening,True
C:\Projects\stanford40_split\test\gardening\gardening_088.jpg,gardening,gardening,True
C:\Projects\stanford40_split\test\gardening\gardening_089.jpg,gardening,gardening,True
C:\Projects\stanford40_split\test\gardening\gardening_090.jpg,gardening,cutting trees,False
C:\Projects\stanford40_split\test\gardening\gardening_096.jpg,gardening,gardening,True
C:\Projects\stanford40_split\test\gardening\gardening_101.jpg,gardening,gardening,True
C:\Projects\stanford40_split\test\gardening\gardening_103.jpg,gardening,cutting trees,False
C:\Projects\stanford40_split\test\gardening\gardening_107.jpg,gardening,gardening,True
C:\Projects\stanford40_split\test\gardening\gardening_111.jpg,gardening,gardening,True
C:\Projects\stanford40_split\test\gardening\gardening_115.jpg,gardening,gardening,True
C:\Projects\stanford40_split\test\gardening\gardening_119.jpg,gardening,gardening,True
C:\Projects\stanford40_split\test\gardening\gardening_124.jpg,gardening,gardening,True
C:\Projects\stanford40_split\test\gardening\gardening_129.jpg,gardening,gardening,True
C:\Projects\stanford40_split\test\gardening\gardening_131.jpg,gardening,gardening,True
C:\Projects\stanford40_split\test\gardening\gardening_133.jpg,gardening,gardening,True
C:\Projects\stanford40_split\test\gardening\gardening_143.jpg,gardening,gardening,True
C:\Projects\stanford40_split\test\gardening\gardening_145.jpg,gardening,gardening,True
C:\Projects\stanford40_split\test\gardening\gardening_148.jpg,gardening,gardening,True
C:\Projects\stanford40_split\test\gardening\gardening_149.jpg,gardening,gardening,True
C:\Projects\stanford40_split\test\gardening\gardening_151.jpg,gardening,gardening,True
C:\Projects\stanford40_split\test\gardening\gardening_166.jpg,gardening,cooking,False
C:\Projects\stanford40_split\test\gardening\gardening_174.jpg,gardening,gardening,True
C:\Projects\stanford40_split\test\gardening\gardening_177.jpg,gardening,gardening,True
C:\Projects\stanford40_split\test\gardening\gardening_187.jpg,gardening,gardening,True
C:\Projects\stanford40_split\test\gardening\gardening_193.jpg,gardening,gardening,True
C:\Projects\stanford40_split\test\gardening\gardening_197.jpg,gardening,gardening,True
C:\Projects\stanford40_split\test\gardening\gardening_198.jpg,gardening,gardening,True
C:\Projects\stanford40_split\test\holding_an_umbrella\holding_an_umbrella_017.jpg,holding an umbrella,holding an umbrella,True
C:\Projects\stanford40_split\test\holding_an_umbrella\holding_an_umbrella_020.jpg,holding an umbrella,holding an umbrella,True
C:\Projects\stanford40_split\test\holding_an_umbrella\holding_an_umbrella_024.jpg,holding an umbrella,holding an umbrella,True
C:\Projects\stanford40_split\test\holding_an_umbrella\holding_an_umbrella_031.jpg,holding an umbrella,holding an umbrella,True
C:\Projects\stanford40_split\test\holding_an_umbrella\holding_an_umbrella_037.jpg,holding an umbrella,holding an umbrella,True
C:\Projects\stanford40_split\test\holding_an_umbrella\holding_an_umbrella_045.jpg,holding an umbrella,throwing frisby,False
C:\Projects\stanford40_split\test\holding_an_umbrella\holding_an_umbrella_049.jpg,holding an umbrella,holding an umbrella,True
C:\Projects\stanford40_split\test\holding_an_umbrella\holding_an_umbrella_061.jpg,holding an umbrella,holding an umbrella,True
C:\Projects\stanford40_split\test\holding_an_umbrella\holding_an_umbrella_065.jpg,holding an umbrella,holding an umbrella,True
C:\Projects\stanford40_split\test\holding_an_umbrella\holding_an_umbrella_068.jpg,holding an umbrella,holding an umbrella,True
C:\Projects\stanford40_split\test\holding_an_umbrella\holding_an_umbrella_069.jpg,holding an umbrella,holding an umbrella,True
C:\Projects\stanford40_split\test\holding_an_umbrella\holding_an_umbrella_070.jpg,holding an umbrella,throwing frisby,False
C:\Projects\stanford40_split\test\holding_an_umbrella\holding_an_umbrella_072.jpg,holding an umbrella,holding an umbrella,True
C:\Projects\stanford40_split\test\holding_an_umbrella\holding_an_umbrella_075.jpg,holding an umbrella,holding an umbrella,True
C:\Projects\stanford40_split\test\holding_an_umbrella\holding_an_umbrella_085.jpg,holding an umbrella,holding an umbrella,True
C:\Projects\stanford40_split\test\holding_an_umbrella\holding_an_umbrella_087.jpg,holding an umbrella,holding an umbrella,True
C:\Projects\stanford40_split\test\holding_an_umbrella\holding_an_umbrella_097.jpg,holding an umbrella,holding an umbrella,True
C:\Projects\stanford40_split\test\holding_an_umbrella\holding_an_umbrella_101.jpg,holding an umbrella,holding an umbrella,True
C:\Projects\stanford40_split\test\holding_an_umbrella\holding_an_umbrella_104.jpg,holding an umbrella,holding an umbrella,True
C:\Projects\stanford40_split\test\holding_an_umbrella\holding_an_umbrella_106.jpg,holding an umbrella,holding an umbrella,True
C:\Projects\stanford40_split\test\holding_an_umbrella\holding_an_umbrella_107.jpg,holding an umbrella,holding an umbrella,True
C:\Projects\stanford40_split\test\holding_an_umbrella\holding_an_umbrella_108.jpg,holding an umbrella,holding an umbrella,True
C:\Projects\stanford40_split\test\holding_an_umbrella\holding_an_umbrella_116.jpg,holding an umbrella,holding an umbrella,True
C:\Projects\stanford40_split\test\holding_an_umbrella\holding_an_umbrella_122.jpg,holding an umbrella,holding an umbrella,True
C:\Projects\stanford40_split\test\holding_an_umbrella\holding_an_umbrella_126.jpg,holding an umbrella,holding an umbrella,True
C:\Projects\stanford40_split\test\holding_an_umbrella\holding_an_umbrella_127.jpg,holding an umbrella,holding an umbrella,True
C:\Projects\stanford40_split\test\holding_an_umbrella\holding_an_umbrella_128.jpg,holding an umbrella,holding an umbrella,True
C:\Projects\stanford40_split\test\holding_an_umbrella\holding_an_umbrella_132.jpg,holding an umbrella,holding an umbrella,True
C:\Projects\stanford40_split\test\holding_an_umbrella\holding_an_umbrella_135.jpg,holding an umbrella,riding a bike,False
C:\Projects\stanford40_split\test\holding_an_umbrella\holding_an_umbrella_137.jpg,holding an umbrella,holding an umbrella,True
C:\Projects\stanford40_split\test\holding_an_umbrella\holding_an_umbrella_142.jpg,holding an umbrella,holding an umbrella,True
C:\Projects\stanford40_split\test\holding_an_umbrella\holding_an_umbrella_144.jpg,holding an umbrella,holding an umbrella,True
C:\Projects\stanford40_split\test\holding_an_umbrella\holding_an_umbrella_148.jpg,holding an umbrella,holding an umbrella,True
C:\Projects\stanford40_split\test\holding_an_umbrella\holding_an_umbrella_149.jpg,holding an umbrella,holding an umbrella,True
C:\Projects\stanford40_split\test\holding_an_umbrella\holding_an_umbrella_150.jpg,holding an umbrella,holding an umbrella,True
C:\Projects\stanford40_split\test\holding_an_umbrella\holding_an_umbrella_153.jpg,holding an umbrella,holding an umbrella,True
C:\Projects\stanford40_split\test\holding_an_umbrella\holding_an_umbrella_161.jpg,holding an umbrella,holding an umbrella,True
C:\Projects\stanford40_split\test\holding_an_umbrella\holding_an_umbrella_162.jpg,holding an umbrella,holding an umbrella,True
C:\Projects\stanford40_split\test\holding_an_umbrella\holding_an_umbrella_163.jpg,holding an umbrella,holding an umbrella,True
C:\Projects\stanford40_split\test\holding_an_umbrella\holding_an_umbrella_165.jpg,holding an umbrella,holding an umbrella,True
C:\Projects\stanford40_split\test\holding_an_umbrella\holding_an_umbrella_166.jpg,holding an umbrella,holding an umbrella,True
C:\Projects\stanford40_split\test\holding_an_umbrella\holding_an_umbrella_174.jpg,holding an umbrella,holding an umbrella,True
C:\Projects\stanford40_split\test\holding_an_umbrella\holding_an_umbrella_179.jpg,holding an umbrella,holding an umbrella,True
C:\Projects\stanford40_split\test\holding_an_umbrella\holding_an_umbrella_180.jpg,holding an umbrella,holding an umbrella,True
C:\Projects\stanford40_split\test\holding_an_umbrella\holding_an_umbrella_192.jpg,holding an umbrella,holding an umbrella,True
C:\Projects\stanford40_split\test\holding_an_umbrella\holding_an_umbrella_195.jpg,holding an umbrella,holding an umbrella,True
C:\Projects\stanford40_split\test\holding_an_umbrella\holding_an_umbrella_197.jpg,holding an umbrella,holding an umbrella,True
C:\Projects\stanford40_split\test\holding_an_umbrella\holding_an_umbrella_204.jpg,holding an umbrella,holding an umbrella,True
C:\Projects\stanford40_split\test\holding_an_umbrella\holding_an_umbrella_211.jpg,holding an umbrella,holding an umbrella,True
C:\Projects\stanford40_split\test\holding_an_umbrella\holding_an_umbrella_216.jpg,holding an umbrella,holding an umbrella,True
C:\Projects\stanford40_split\test\holding_an_umbrella\holding_an_umbrella_220.jpg,holding an umbrella,holding an umbrella,True
C:\Projects\stanford40_split\test\holding_an_umbrella\holding_an_umbrella_225.jpg,holding an umbrella,holding an umbrella,True
C:\Projects\stanford40_split\test\holding_an_umbrella\holding_an_umbrella_226.jpg,holding an umbrella,holding an umbrella,True
C:\Projects\stanford40_split\test\holding_an_umbrella\holding_an_umbrella_231.jpg,holding an umbrella,holding an umbrella,True
C:\Projects\stanford40_split\test\holding_an_umbrella\holding_an_umbrella_264.jpg,holding an umbrella,holding an umbrella,True
C:\Projects\stanford40_split\test\holding_an_umbrella\holding_an_umbrella_273.jpg,holding an umbrella,holding an umbrella,True
C:\Projects\stanford40_split\test\holding_an_umbrella\holding_an_umbrella_276.jpg,holding an umbrella,holding an umbrella,True
C:\Projects\stanford40_split\test\holding_an_umbrella\holding_an_umbrella_278.jpg,holding an umbrella,holding an umbrella,True
C:\Projects\stanford40_split\test\holding_an_umbrella\holding_an_umbrella_282.jpg,holding an umbrella,holding an umbrella,True
C:\Projects\stanford40_split\test\jumping\jumping_002.jpg,jumping,waving hands,False
C:\Projects\stanford40_split\test\jumping\jumping_006.jpg,jumping,jumping,True
C:\Projects\stanford40_split\test\jumping\jumping_007.jpg,jumping,waving hands,False
C:\Projects\stanford40_split\test\jumping\jumping_010.jpg,jumping,jumping,True
C:\Projects\stanford40_split\test\jumping\jumping_016.jpg,jumping,jumping,True
C:\Projects\stanford40_split\test\jumping\jumping_023.jpg,jumping,waving hands,False
C:\Projects\stanford40_split\test\jumping\jumping_024.jpg,jumping,jumping,True
C:\Projects\stanford40_split\test\jumping\jumping_029.jpg,jumping,throwing frisby,False
C:\Projects\stanford40_split\test\jumping\jumping_033.jpg,jumping,waving hands,False
C:\Projects\stanford40_split\test\jumping\jumping_039.jpg,jumping,jumping,True
C:\Projects\stanford40_split\test\jumping\jumping_040.jpg,jumping,jumping,True
C:\Projects\stanford40_split\test\jumping\jumping_046.jpg,jumping,jumping,True
C:\Projects\stanford40_split\test\jumping\jumping_053.jpg,jumping,throwing frisby,False
C:\Projects\stanford40_split\test\jumping\jumping_058.jpg,jumping,jumping,True
C:\Projects\stanford40_split\test\jumping\jumping_060.jpg,jumping,jumping,True
C:\Projects\stanford40_split\test\jumping\jumping_061.jpg,jumping,waving hands,False
C:\Projects\stanford40_split\test\jumping\jumping_064.jpg,jumping,jumping,True
C:\Projects\stanford40_split\test\jumping\jumping_065.jpg,jumping,jumping,True
C:\Projects\stanford40_split\test\jumping\jumping_081.jpg,jumping,jumping,True
C:\Projects\stanford40_split\test\jumping\jumping_083.jpg,jumping,jumping,True
C:\Projects\stanford40_split\test\jumping\jumping_084.jpg,jumping,throwing frisby,False
C:\Projects\stanford40_split\test\jumping\jumping_086.jpg,jumping,jumping,True
C:\Projects\stanford40_split\test\jumping\jumping_094.jpg,jumping,jumping,True
C:\Projects\stanford40_split\test\jumping\jumping_099.jpg,jumping,jumping,True
C:\Projects\stanford40_split\test\jumping\jumping_108.jpg,jumping,jumping,True
C:\Projects\stanford40_split\test\jumping\jumping_117.jpg,jumping,waving hands,False
C:\Projects\stanford40_split\test\jumping\jumping_126.jpg,jumping,jumping,True
C:\Projects\stanford40_split\test\jumping\jumping_131.jpg,jumping,waving hands,False
C:\Projects\stanford40_split\test\jumping\jumping_133.jpg,jumping,jumping,True
C:\Projects\stanford40_split\test\jumping\jumping_135.jpg,jumping,jumping,True
C:\Projects\stanford40_split\test\jumping\jumping_138.jpg,jumping,jumping,True
C:\Projects\stanford40_split\test\jumping\jumping_140.jpg,jumping,jumping,True
C:\Projects\stanford40_split\test\jumping\jumping_142.jpg,jumping,jumping,True
C:\Projects\stanford40_split\test\jumping\jumping_168.jpg,jumping,jumping,True
C:\Projects\stanford40_split\test\jumping\jumping_172.jpg,jumping,jumping,True
C:\Projects\stanford40_split\test\jumping\jumping_178.jpg,jumping,waving hands,False
C:\Projects\stanford40_split\test\jumping\jumping_183.jpg,jumping,jumping,True
C:\Projects\stanford40_split\test\jumping\jumping_185.jpg,jumping,jumping,True
C:\Projects\stanford40_split\test\jumping\jumping_189.jpg,jumping,jumping,True
C:\Projects\stanford40_split\test\jumping\jumping_190.jpg,jumping,jumping,True
C:\Projects\stanford40_split\test\jumping\jumping_191.jpg,jumping,throwing frisby,False
C:\Projects\stanford40_split\test\jumping\jumping_206.jpg,jumping,jumping,True
C:\Projects\stanford40_split\test\jumping\jumping_220.jpg,jumping,throwing frisby,False
C:\Projects\stanford40_split\test\jumping\jumping_234.jpg,jumping,jumping,True
C:\Projects\stanford40_split\test\jumping\jumping_236.jpg,jumping,jumping,True
C:\Projects\stanford40_split\test\jumping\jumping_239.jpg,jumping,throwing frisby,False
C:\Projects\stanford40_split\test\jumping\jumping_242.jpg,jumping,jumping,True
C:\Projects\stanford40_split\test\jumping\jumping_246.jpg,jumping,jumping,True
C:\Projects\stanford40_split\test\jumping\jumping_255.jpg,jumping,jumping,True
C:\Projects\stanford40_split\test\jumping\jumping_256.jpg,jumping,shooting an arrow,False
C:\Projects\stanford40_split\test\jumping\jumping_261.jpg,jumping,running,False
C:\Projects\stanford40_split\test\jumping\jumping_262.jpg,jumping,pushing a cart,False
C:\Projects\stanford40_split\test\jumping\jumping_265.jpg,jumping,jumping,True
C:\Projects\stanford40_split\test\jumping\jumping_268.jpg,jumping,cutting trees,False
C:\Projects\stanford40_split\test\jumping\jumping_269.jpg,jumping,throwing frisby,False
C:\Projects\stanford40_split\test\jumping\jumping_274.jpg,jumping,jumping,True
C:\Projects\stanford40_split\test\jumping\jumping_281.jpg,jumping,jumping,True
C:\Projects\stanford40_split\test\jumping\jumping_288.jpg,jumping,jumping,True
C:\Projects\stanford40_split\test\jumping\jumping_293.jpg,jumping,jumping,True
C:\Projects\stanford40_split\test\looking_through_a_microscope\looking_through_a_microscope_008.jpg,looking through a microscope,looking through a microscope,True
C:\Projects\stanford40_split\test\looking_through_a_microscope\looking_through_a_microscope_010.jpg,looking through a microscope,looking through a microscope,True
C:\Projects\stanford40_split\test\looking_through_a_microscope\looking_through_a_microscope_015.jpg,looking through a microscope,writing on a board,False
C:\Projects\stanford40_split\test\looking_through_a_microscope\looking_through_a_microscope_024.jpg,looking through a microscope,looking through a microscope,True
C:\Projects\stanford40_split\test\looking_through_a_microscope\looking_through_a_microscope_026.jpg,looking through a microscope,texting message,False
C:\Projects\stanford40_split\test\looking_through_a_microscope\looking_through_a_microscope_037.jpg,looking through a microscope,looking through a microscope,True
C:\Projects\stanford40_split\test\looking_through_a_microscope\looking_through_a_microscope_041.jpg,looking through a microscope,looking through a microscope,True
C:\Projects\stanford40_split\test\looking_through_a_microscope\looking_through_a_microscope_045.jpg,looking through a microscope,looking through a microscope,True
C:\Projects\stanford40_split\test\looking_through_a_microscope\looking_through_a_microscope_046.jpg,looking through a microscope,looking through a microscope,True
C:\Projects\stanford40_split\test\looking_through_a_microscope\looking_through_a_microscope_049.jpg,looking through a microscope,reading,False
C:\Projects\stanford40_split\test\looking_through_a_microscope\looking_through_a_microscope_057.jpg,looking through a microscope,washing dishes,False
C:\Projects\stanford40_split\test\looking_through_a_microscope\looking_through_a_microscope_060.jpg,looking through a microscope,looking through a microscope,True
C:\Projects\stanford40_split\test\looking_through_a_microscope\looking_through_a_microscope_061.jpg,looking through a microscope,using a computer,False
C:\Projects\stanford40_split\test\looking_through_a_microscope\looking_through_a_microscope_062.jpg,looking through a microscope,looking through a microscope,True
C:\Projects\stanford40_split\test\looking_through_a_microscope\looking_through_a_microscope_064.jpg,looking through a microscope,looking through a microscope,True
C:\Projects\stanford40_split\test\looking_through_a_microscope\looking_through_a_microscope_069.jpg,looking through a microscope,looking through a microscope,True
C:\Projects\stanford40_split\test\looking_through_a_microscope\looking_through_a_microscope_080.jpg,looking through a microscope,looking through a microscope,True
C:\Projects\stanford40_split\test\looking_through_a_microscope\looking_through_a_microscope_082.jpg,looking through a microscope,looking through a microscope,True
C:\Projects\stanford40_split\test\looking_through_a_microscope\looking_through_a_microscope_091.jpg,looking through a microscope,looking through a microscope,True
C:\Projects\stanford40_split\test\looking_through_a_microscope\looking_through_a_microscope_092.jpg,looking through a microscope,looking through a microscope,True
C:\Projects\stanford40_split\test\looking_through_a_microscope\looking_through_a_microscope_100.jpg,looking through a microscope,looking through a microscope,True
C:\Projects\stanford40_split\test\looking_through_a_microscope\looking_through_a_microscope_121.jpg,looking through a microscope,looking through a microscope,True
C:\Projects\stanford40_split\test\looking_through_a_microscope\looking_through_a_microscope_126.jpg,looking through a microscope,looking through a microscope,True
C:\Projects\stanford40_split\test\looking_through_a_microscope\looking_through_a_microscope_127.jpg,looking through a microscope,looking through a microscope,True
C:\Projects\stanford40_split\test\looking_through_a_microscope\looking_through_a_microscope_136.jpg,looking through a microscope,looking through a microscope,True
C:\Projects\stanford40_split\test\looking_through_a_microscope\looking_through_a_microscope_137.jpg,looking through a microscope,looking through a microscope,True
C:\Projects\stanford40_split\test\looking_through_a_microscope\looking_through_a_microscope_139.jpg,looking through a microscope,looking through a microscope,True
C:\Projects\stanford40_split\test\looking_through_a_microscope\looking_through_a_microscope_145.jpg,looking through a microscope,looking through a microscope,True
C:\Projects\stanford40_split\test\looking_through_a_microscope\looking_through_a_microscope_146.jpg,looking through a microscope,looking through a microscope,True
C:\Projects\stanford40_split\test\looking_through_a_microscope\looking_through_a_microscope_148.jpg,looking through a microscope,looking through a microscope,True
C:\Projects\stanford40_split\test\looking_through_a_microscope\looking_through_a_microscope_150.jpg,looking through a microscope,looking through a microscope,True
C:\Projects\stanford40_split\test\looking_through_a_microscope\looking_through_a_microscope_152.jpg,looking through a microscope,looking through a microscope,True
C:\Projects\stanford40_split\test\looking_through_a_microscope\looking_through_a_microscope_164.jpg,looking through a microscope,looking through a microscope,True
C:\Projects\stanford40_split\test\looking_through_a_microscope\looking_through_a_microscope_169.jpg,looking through a microscope,looking through a microscope,True
C:\Projects\stanford40_split\test\looking_through_a_microscope\looking_through_a_microscope_171.jpg,looking through a microscope,looking through a microscope,True
C:\Projects\stanford40_split\test\looking_through_a_microscope\looking_through_a_microscope_174.jpg,looking through a microscope,looking through a microscope,True
C:\Projects\stanford40_split\test\looking_through_a_microscope\looking_through_a_microscope_175.jpg,looking through a microscope,looking through a microscope,True
C:\Projects\stanford40_split\test\looking_through_a_microscope\looking_through_a_microscope_179.jpg,looking through a microscope,reading,False
C:\Projects\stanford40_split\test\looking_through_a_microscope\looking_through_a_microscope_189.jpg,looking through a microscope,looking through a microscope,True
C:\Projects\stanford40_split\test\looking_through_a_telescope\looking_through_a_telescope_001.jpg,looking through a telescope,looking through a telescope,True
C:\Projects\stanford40_split\test\looking_through_a_telescope\looking_through_a_telescope_007.jpg,looking through a telescope,looking through a telescope,True
C:\Projects\stanford40_split\test\looking_through_a_telescope\looking_through_a_telescope_014.jpg,looking through a telescope,looking through a telescope,True
C:\Projects\stanford40_split\test\looking_through_a_telescope\looking_through_a_telescope_021.jpg,looking through a telescope,looking through a telescope,True
C:\Projects\stanford40_split\test\looking_through_a_telescope\looking_through_a_telescope_023.jpg,looking through a telescope,taking photos,False
C:\Projects\stanford40_split\test\looking_through_a_telescope\looking_through_a_telescope_024.jpg,looking through a telescope,looking through a telescope,True
C:\Projects\stanford40_split\test\looking_through_a_telescope\looking_through_a_telescope_025.jpg,looking through a telescope,looking through a telescope,True
C:\Projects\stanford40_split\test\looking_through_a_telescope\looking_through_a_telescope_030.jpg,looking through a telescope,looking through a telescope,True
C:\Projects\stanford40_split\test\looking_through_a_telescope\looking_through_a_telescope_040.jpg,looking through a telescope,looking through a telescope,True
C:\Projects\stanford40_split\test\looking_through_a_telescope\looking_through_a_telescope_044.jpg,looking through a telescope,taking photos,False
C:\Projects\stanford40_split\test\looking_through_a_telescope\looking_through_a_telescope_048.jpg,looking through a telescope,looking through a telescope,True
C:\Projects\stanford40_split\test\looking_through_a_telescope\looking_through_a_telescope_052.jpg,looking through a telescope,looking through a telescope,True
C:\Projects\stanford40_split\test\looking_through_a_telescope\looking_through_a_telescope_053.jpg,looking through a telescope,looking through a telescope,True
C:\Projects\stanford40_split\test\looking_through_a_telescope\looking_through_a_telescope_068.jpg,looking through a telescope,looking through a telescope,True
C:\Projects\stanford40_split\test\looking_through_a_telescope\looking_through_a_telescope_075.jpg,looking through a telescope,looking through a telescope,True
C:\Projects\stanford40_split\test\looking_through_a_telescope\looking_through_a_telescope_076.jpg,looking through a telescope,looking through a telescope,True
C:\Projects\stanford40_split\test\looking_through_a_telescope\looking_through_a_telescope_079.jpg,looking through a telescope,taking photos,False
C:\Projects\stanford40_split\test\looking_through_a_telescope\looking_through_a_telescope_093.jpg,looking through a telescope,looking through a telescope,True
C:\Projects\stanford40_split\test\looking_through_a_telescope\looking_through_a_telescope_095.jpg,looking through a telescope,looking through a telescope,True
C:\Projects\stanford40_split\test\looking_through_a_telescope\looking_through_a_telescope_098.jpg,looking through a telescope,shooting an arrow,False
C:\Projects\stanford40_split\test\looking_through_a_telescope\looking_through_a_telescope_100.jpg,looking through a telescope,looking through a telescope,True
C:\Projects\stanford40_split\test\looking_through_a_telescope\looking_through_a_telescope_101.jpg,looking through a telescope,looking through a telescope,True
C:\Projects\stanford40_split\test\looking_through_a_telescope\looking_through_a_telescope_102.jpg,looking through a telescope,looking through a telescope,True
C:\Projects\stanford40_split\test\looking_through_a_telescope\looking_through_a_telescope_110.jpg,looking through a telescope,looking through a telescope,True
C:\Projects\stanford40_split\test\looking_through_a_telescope\looking_through_a_telescope_115.jpg,looking through a telescope,looking through a telescope,True
C:\Projects\stanford40_split\test\looking_through_a_telescope\looking_through_a_telescope_121.jpg,looking through a telescope,looking through a telescope,True
C:\Projects\stanford40_split\test\looking_through_a_telescope\looking_through_a_telescope_122.jpg,looking through a telescope,looking through a telescope,True
C:\Projects\stanford40_split\test\looking_through_a_telescope\looking_through_a_telescope_123.jpg,looking through a telescope,taking photos,False
C:\Projects\stanford40_split\test\looking_through_a_telescope\looking_through_a_telescope_126.jpg,looking through a telescope,looking through a telescope,True
C:\Projects\stanford40_split\test\looking_through_a_telescope\looking_through_a_telescope_140.jpg,looking through a telescope,looking through a telescope,True
C:\Projects\stanford40_split\test\looking_through_a_telescope\looking_through_a_telescope_141.jpg,looking through a telescope,taking photos,False
C:\Projects\stanford40_split\test\looking_through_a_telescope\looking_through_a_telescope_147.jpg,looking through a telescope,playing violin,False
C:\Projects\stanford40_split\test\looking_through_a_telescope\looking_through_a_telescope_154.jpg,looking through a telescope,taking photos,False
C:\Projects\stanford40_split\test\looking_through_a_telescope\looking_through_a_telescope_161.jpg,looking through a telescope,looking through a telescope,True
C:\Projects\stanford40_split\test\looking_through_a_telescope\looking_through_a_telescope_164.jpg,looking through a telescope,looking through a telescope,True
C:\Projects\stanford40_split\test\looking_through_a_telescope\looking_through_a_telescope_165.jpg,looking through a telescope,looking through a telescope,True
C:\Projects\stanford40_split\test\looking_through_a_telescope\looking_through_a_telescope_167.jpg,looking through a telescope,shooting an arrow,False
C:\Projects\stanford40_split\test\looking_through_a_telescope\looking_through_a_telescope_168.jpg,looking through a telescope,looking through a telescope,True
C:\Projects\stanford40_split\test\looking_through_a_telescope\looking_through_a_telescope_170.jpg,looking through a telescope,looking through a telescope,True
C:\Projects\stanford40_split\test\looking_through_a_telescope\looking_through_a_telescope_192.jpg,looking through a telescope,taking photos,False
C:\Projects\stanford40_split\test\looking_through_a_telescope\looking_through_a_telescope_200.jpg,looking through a telescope,blowing bubbles,False
C:\Projects\stanford40_split\test\phoning\phoning_003.jpg,phoning,texting message,False
C:\Projects\stanford40_split\test\phoning\phoning_006.jpg,phoning,taking photos,False
C:\Projects\stanford40_split\test\phoning\phoning_008.jpg,phoning,phoning,True
C:\Projects\stanford40_split\test\phoning\phoning_013.jpg,phoning,texting message,False
C:\Projects\stanford40_split\test\phoning\phoning_016.jpg,phoning,phoning,True
C:\Projects\stanford40_split\test\phoning\phoning_024.jpg,phoning,writing on a book,False
C:\Projects\stanford40_split\test\phoning\phoning_034.jpg,phoning,texting message,False
C:\Projects\stanford40_split\test\phoning\phoning_042.jpg,phoning,phoning,True
C:\Projects\stanford40_split\test\phoning\phoning_046.jpg,phoning,smoking,False
C:\Projects\stanford40_split\test\phoning\phoning_053.jpg,phoning,texting message,False
C:\Projects\stanford40_split\test\phoning\phoning_055.jpg,phoning,smoking,False
C:\Projects\stanford40_split\test\phoning\phoning_057.jpg,phoning,texting message,False
C:\Projects\stanford40_split\test\phoning\phoning_058.jpg,phoning,phoning,True
C:\Projects\stanford40_split\test\phoning\phoning_062.jpg,phoning,phoning,True
C:\Projects\stanford40_split\test\phoning\phoning_064.jpg,phoning,smoking,False
C:\Projects\stanford40_split\test\phoning\phoning_067.jpg,phoning,phoning,True
C:\Projects\stanford40_split\test\phoning\phoning_069.jpg,phoning,taking photos,False
C:\Projects\stanford40_split\test\phoning\phoning_073.jpg,phoning,smoking,False
C:\Projects\stanford40_split\test\phoning\phoning_089.jpg,phoning,reading,False
C:\Projects\stanford40_split\test\phoning\phoning_090.jpg,phoning,texting message,False
C:\Projects\stanford40_split\test\phoning\phoning_096.jpg,phoning,texting message,False
C:\Projects\stanford40_split\test\phoning\phoning_099.jpg,phoning,texting message,False
C:\Projects\stanford40_split\test\phoning\phoning_105.jpg,phoning,smoking,False
C:\Projects\stanford40_split\test\phoning\phoning_115.jpg,phoning,phoning,True
C:\Projects\stanford40_split\test\phoning\phoning_122.jpg,phoning,phoning,True
C:\Projects\stanford40_split\test\phoning\phoning_126.jpg,phoning,phoning,True
C:\Projects\stanford40_split\test\phoning\phoning_132.jpg,phoning,smoking,False
C:\Projects\stanford40_split\test\phoning\phoning_142.jpg,phoning,phoning,True
C:\Projects\stanford40_split\test\phoning\phoning_147.jpg,phoning,phoning,True
C:\Projects\stanford40_split\test\phoning\phoning_151.jpg,phoning,phoning,True
C:\Projects\stanford40_split\test\phoning\phoning_153.jpg,phoning,phoning,True
C:\Projects\stanford40_split\test\phoning\phoning_166.jpg,phoning,cutting trees,False
C:\Projects\stanford40_split\test\phoning\phoning_167.jpg,phoning,brushing teeth,False
C:\Projects\stanford40_split\test\phoning\phoning_174.jpg,phoning,smoking,False
C:\Projects\stanford40_split\test\phoning\phoning_175.jpg,phoning,texting message,False
C:\Projects\stanford40_split\test\phoning\phoning_177.jpg,phoning,phoning,True
C:\Projects\stanford40_split\test\phoning\phoning_192.jpg,phoning,drinking,False
C:\Projects\stanford40_split\test\phoning\phoning_197.jpg,phoning,smoking,False
C:\Projects\stanford40_split\test\phoning\phoning_200.jpg,phoning,phoning,True
C:\Projects\stanford40_split\test\phoning\phoning_204.jpg,phoning,phoning,True
C:\Projects\stanford40_split\test\phoning\phoning_213.jpg,phoning,phoning,True
C:\Projects\stanford40_split\test\phoning\phoning_215.jpg,phoning,texting message,False
C:\Projects\stanford40_split\test\phoning\phoning_219.jpg,phoning,phoning,True
C:\Projects\stanford40_split\test\phoning\phoning_220.jpg,phoning,phoning,True
C:\Projects\stanford40_split\test\phoning\phoning_223.jpg,phoning,taking photos,False
C:\Projects\stanford40_split\test\phoning\phoning_227.jpg,phoning,texting message,False
C:\Projects\stanford40_split\test\phoning\phoning_229.jpg,phoning,waving hands,False
C:\Projects\stanford40_split\test\phoning\phoning_242.jpg,phoning,phoning,True
C:\Projects\stanford40_split\test\phoning\phoning_246.jpg,phoning,drinking,False
C:\Projects\stanford40_split\test\phoning\phoning_247.jpg,phoning,texting message,False
C:\Projects\stanford40_split\test\phoning\phoning_248.jpg,phoning,smoking,False
C:\Projects\stanford40_split\test\phoning\phoning_259.jpg,phoning,taking photos,False
C:\Projects\stanford40_split\test\playing_guitar\playing_guitar_001.jpg,playing guitar,playing guitar,True
C:\Projects\stanford40_split\test\playing_guitar\playing_guitar_004.jpg,playing guitar,playing guitar,True
C:\Projects\stanford40_split\test\playing_guitar\playing_guitar_005.jpg,playing guitar,playing guitar,True
C:\Projects\stanford40_split\test\playing_guitar\playing_guitar_011.jpg,playing guitar,playing guitar,True
C:\Projects\stanford40_split\test\playing_guitar\playing_guitar_023.jpg,playing guitar,playing guitar,True
C:\Projects\stanford40_split\test\playing_guitar\playing_guitar_025.jpg,playing guitar,playing guitar,True
C:\Projects\stanford40_split\test\playing_guitar\playing_guitar_029.jpg,playing guitar,playing guitar,True
C:\Projects\stanford40_split\test\playing_guitar\playing_guitar_042.jpg,playing guitar,playing guitar,True
C:\Projects\stanford40_split\test\playing_guitar\playing_guitar_052.jpg,playing guitar,playing guitar,True
C:\Projects\stanford40_split\test\playing_guitar\playing_guitar_054.jpg,playing guitar,playing guitar,True
C:\Projects\stanford40_split\test\playing_guitar\playing_guitar_055.jpg,playing guitar,playing guitar,True
C:\Projects\stanford40_split\test\playing_guitar\playing_guitar_056.jpg,playing guitar,playing guitar,True
C:\Projects\stanford40_split\test\playing_guitar\playing_guitar_059.jpg,playing guitar,playing guitar,True
C:\Projects\stanford40_split\test\playing_guitar\playing_guitar_060.jpg,playing guitar,playing guitar,True
C:\Projects\stanford40_split\test\playing_guitar\playing_guitar_061.jpg,playing guitar,playing guitar,True
C:\Projects\stanford40_split\test\playing_guitar\playing_guitar_064.jpg,playing guitar,playing guitar,True
C:\Projects\stanford40_split\test\playing_guitar\playing_guitar_071.jpg,playing guitar,playing guitar,True
C:\Projects\stanford40_split\test\playing_guitar\playing_guitar_076.jpg,playing guitar,playing guitar,True
C:\Projects\stanford40_split\test\playing_guitar\playing_guitar_079.jpg,playing guitar,playing guitar,True
C:\Projects\stanford40_split\test\playing_guitar\playing_guitar_085.jpg,playing guitar,playing guitar,True
C:\Projects\stanford40_split\test\playing_guitar\playing_guitar_092.jpg,playing guitar,playing guitar,True
C:\Projects\stanford40_split\test\playing_guitar\playing_guitar_102.jpg,playing guitar,playing guitar,True
C:\Projects\stanford40_split\test\playing_guitar\playing_guitar_103.jpg,playing guitar,playing guitar,True
C:\Projects\stanford40_split\test\playing_guitar\playing_guitar_104.jpg,playing guitar,playing guitar,True
C:\Projects\stanford40_split\test\playing_guitar\playing_guitar_105.jpg,playing guitar,playing guitar,True
C:\Projects\stanford40_split\test\playing_guitar\playing_guitar_106.jpg,playing guitar,playing guitar,True
C:\Projects\stanford40_split\test\playing_guitar\playing_guitar_124.jpg,playing guitar,playing guitar,True
C:\Projects\stanford40_split\test\playing_guitar\playing_guitar_128.jpg,playing guitar,playing guitar,True
C:\Projects\stanford40_split\test\playing_guitar\playing_guitar_130.jpg,playing guitar,playing guitar,True
C:\Projects\stanford40_split\test\playing_guitar\playing_guitar_135.jpg,playing guitar,playing guitar,True
C:\Projects\stanford40_split\test\playing_guitar\playing_guitar_139.jpg,playing guitar,playing guitar,True
C:\Projects\stanford40_split\test\playing_guitar\playing_guitar_141.jpg,playing guitar,playing guitar,True
C:\Projects\stanford40_split\test\playing_guitar\playing_guitar_145.jpg,playing guitar,playing violin,False
C:\Projects\stanford40_split\test\playing_guitar\playing_guitar_147.jpg,playing guitar,playing guitar,True
C:\Projects\stanford40_split\test\playing_guitar\playing_guitar_155.jpg,playing guitar,playing guitar,True
C:\Projects\stanford40_split\test\playing_guitar\playing_guitar_172.jpg,playing guitar,playing guitar,True
C:\Projects\stanford40_split\test\playing_guitar\playing_guitar_177.jpg,playing guitar,playing guitar,True
C:\Projects\stanford40_split\test\playing_guitar\playing_guitar_181.jpg,playing guitar,playing guitar,True
C:\Projects\stanford40_split\test\playing_guitar\playing_guitar_195.jpg,playing guitar,playing guitar,True
C:\Projects\stanford40_split\test\playing_guitar\playing_guitar_214.jpg,playing guitar,playing guitar,True
C:\Projects\stanford40_split\test\playing_guitar\playing_guitar_215.jpg,playing guitar,playing guitar,True
C:\Projects\stanford40_split\test\playing_guitar\playing_guitar_216.jpg,playing guitar,playing guitar,True
C:\Projects\stanford40_split\test\playing_guitar\playing_guitar_228.jpg,playing guitar,playing guitar,True
C:\Projects\stanford40_split\test\playing_guitar\playing_guitar_233.jpg,playing guitar,playing guitar,True
C:\Projects\stanford40_split\test\playing_guitar\playing_guitar_234.jpg,playing guitar,playing guitar,True
C:\Projects\stanford40_split\test\playing_guitar\playing_guitar_238.jpg,playing guitar,playing guitar,True
C:\Projects\stanford40_split\test\playing_guitar\playing_guitar_239.jpg,playing guitar,playing guitar,True
C:\Projects\stanford40_split\test\playing_guitar\playing_guitar_243.jpg,playing guitar,playing guitar,True
C:\Projects\stanford40_split\test\playing_guitar\playing_guitar_255.jpg,playing guitar,playing guitar,True
C:\Projects\stanford40_split\test\playing_guitar\playing_guitar_262.jpg,playing guitar,playing guitar,True
C:\Projects\stanford40_split\test\playing_guitar\playing_guitar_264.jpg,playing guitar,playing guitar,True
C:\Projects\stanford40_split\test\playing_guitar\playing_guitar_266.jpg,playing guitar,playing guitar,True
C:\Projects\stanford40_split\test\playing_guitar\playing_guitar_267.jpg,playing guitar,playing guitar,True
C:\Projects\stanford40_split\test\playing_guitar\playing_guitar_274.jpg,playing guitar,playing guitar,True
C:\Projects\stanford40_split\test\playing_guitar\playing_guitar_282.jpg,playing guitar,playing guitar,True
C:\Projects\stanford40_split\test\playing_guitar\playing_guitar_285.jpg,playing guitar,playing guitar,True
C:\Projects\stanford40_split\test\playing_guitar\playing_guitar_287.jpg,playing guitar,playing guitar,True
C:\Projects\stanford40_split\test\playing_guitar\playing_guitar_288.jpg,playing guitar,playing guitar,True
C:\Projects\stanford40_split\test\playing_violin\playing_violin_030.jpg,playing violin,playing violin,True
C:\Projects\stanford40_split\test\playing_violin\playing_violin_034.jpg,playing violin,playing violin,True
C:\Projects\stanford40_split\test\playing_violin\playing_violin_035.jpg,playing violin,playing violin,True
C:\Projects\stanford40_split\test\playing_violin\playing_violin_036.jpg,playing violin,playing violin,True
C:\Projects\stanford40_split\test\playing_violin\playing_violin_046.jpg,playing violin,playing violin,True
C:\Projects\stanford40_split\test\playing_violin\playing_violin_052.jpg,playing violin,playing violin,True
C:\Projects\stanford40_split\test\playing_violin\playing_violin_054.jpg,playing violin,playing violin,True
C:\Projects\stanford40_split\test\playing_violin\playing_violin_056.jpg,playing violin,playing violin,True
C:\Projects\stanford40_split\test\playing_violin\playing_violin_075.jpg,playing violin,playing violin,True
C:\Projects\stanford40_split\test\playing_violin\playing_violin_076.jpg,playing violin,playing violin,True
C:\Projects\stanford40_split\test\playing_violin\playing_violin_077.jpg,playing violin,playing violin,True
C:\Projects\stanford40_split\test\playing_violin\playing_violin_081.jpg,playing violin,playing violin,True
C:\Projects\stanford40_split\test\playing_violin\playing_violin_083.jpg,playing violin,playing violin,True
C:\Projects\stanford40_split\test\playing_violin\playing_violin_089.jpg,playing violin,playing violin,True
C:\Projects\stanford40_split\test\playing_violin\playing_violin_091.jpg,playing violin,playing violin,True
C:\Projects\stanford40_split\test\playing_violin\playing_violin_106.jpg,playing violin,playing violin,True
C:\Projects\stanford40_split\test\playing_violin\playing_violin_116.jpg,playing violin,playing violin,True
C:\Projects\stanford40_split\test\playing_violin\playing_violin_123.jpg,playing violin,playing violin,True
C:\Projects\stanford40_split\test\playing_violin\playing_violin_128.jpg,playing violin,playing guitar,False
C:\Projects\stanford40_split\test\playing_violin\playing_violin_129.jpg,playing violin,playing violin,True
C:\Projects\stanford40_split\test\playing_violin\playing_violin_132.jpg,playing violin,playing violin,True
C:\Projects\stanford40_split\test\playing_violin\playing_violin_139.jpg,playing violin,playing violin,True
C:\Projects\stanford40_split\test\playing_violin\playing_violin_141.jpg,playing violin,playing violin,True
C:\Projects\stanford40_split\test\playing_violin\playing_violin_142.jpg,playing violin,playing violin,True
C:\Projects\stanford40_split\test\playing_violin\playing_violin_144.jpg,playing violin,playing violin,True
C:\Projects\stanford40_split\test\playing_violin\playing_violin_150.jpg,playing violin,playing violin,True
C:\Projects\stanford40_split\test\playing_violin\playing_violin_155.jpg,playing violin,playing violin,True
C:\Projects\stanford40_split\test\playing_violin\playing_violin_160.jpg,playing violin,playing violin,True
C:\Projects\stanford40_split\test\playing_violin\playing_violin_162.jpg,playing violin,playing violin,True
C:\Projects\stanford40_split\test\playing_violin\playing_violin_164.jpg,playing violin,playing violin,True
C:\Projects\stanford40_split\test\playing_violin\playing_violin_167.jpg,playing violin,playing violin,True
C:\Projects\stanford40_split\test\playing_violin\playing_violin_173.jpg,playing violin,playing violin,True
C:\Projects\stanford40_split\test\playing_violin\playing_violin_176.jpg,playing violin,playing violin,True
C:\Projects\stanford40_split\test\playing_violin\playing_violin_178.jpg,playing violin,playing violin,True
C:\Projects\stanford40_split\test\playing_violin\playing_violin_180.jpg,playing violin,playing violin,True
C:\Projects\stanford40_split\test\playing_violin\playing_violin_182.jpg,playing violin,playing violin,True
C:\Projects\stanford40_split\test\playing_violin\playing_violin_183.jpg,playing violin,playing violin,True
C:\Projects\stanford40_split\test\playing_violin\playing_violin_189.jpg,playing violin,playing violin,True
C:\Projects\stanford40_split\test\playing_violin\playing_violin_192.jpg,playing violin,playing violin,True
C:\Projects\stanford40_split\test\playing_violin\playing_violin_195.jpg,playing violin,playing violin,True
C:\Projects\stanford40_split\test\playing_violin\playing_violin_204.jpg,playing violin,playing violin,True
C:\Projects\stanford40_split\test\playing_violin\playing_violin_207.jpg,playing violin,playing violin,True
C:\Projects\stanford40_split\test\playing_violin\playing_violin_215.jpg,playing violin,playing violin,True
C:\Projects\stanford40_split\test\playing_violin\playing_violin_216.jpg,playing violin,playing violin,True
C:\Projects\stanford40_split\test\playing_violin\playing_violin_221.jpg,playing violin,playing violin,True
C:\Projects\stanford40_split\test\playing_violin\playing_violin_223.jpg,playing violin,playing violin,True
C:\Projects\stanford40_split\test\playing_violin\playing_violin_227.jpg,playing violin,playing violin,True
C:\Projects\stanford40_split\test\playing_violin\playing_violin_237.jpg,playing violin,playing violin,True
C:\Projects\stanford40_split\test\playing_violin\playing_violin_247.jpg,playing violin,playing violin,True
C:\Projects\stanford40_split\test\playing_violin\playing_violin_249.jpg,playing violin,playing violin,True
C:\Projects\stanford40_split\test\playing_violin\playing_violin_256.jpg,playing violin,playing violin,True
C:\Projects\stanford40_split\test\playing_violin\playing_violin_258.jpg,playing violin,playing violin,True
C:\Projects\stanford40_split\test\pouring_liquid\pouring_liquid_002.jpg,pouring liquid,washing dishes,False
C:\Projects\stanford40_split\test\pouring_liquid\pouring_liquid_003.jpg,pouring liquid,drinking,False
C:\Projects\stanford40_split\test\pouring_liquid\pouring_liquid_008.jpg,pouring liquid,pouring liquid,True
C:\Projects\stanford40_split\test\pouring_liquid\pouring_liquid_011.jpg,pouring liquid,cooking,False
C:\Projects\stanford40_split\test\pouring_liquid\pouring_liquid_022.jpg,pouring liquid,drinking,False
C:\Projects\stanford40_split\test\pouring_liquid\pouring_liquid_023.jpg,pouring liquid,pushing a cart,False
C:\Projects\stanford40_split\test\pouring_liquid\pouring_liquid_032.jpg,pouring liquid,drinking,False
C:\Projects\stanford40_split\test\pouring_liquid\pouring_liquid_035.jpg,pouring liquid,washing dishes,False
C:\Projects\stanford40_split\test\pouring_liquid\pouring_liquid_037.jpg,pouring liquid,pouring liquid,True
C:\Projects\stanford40_split\test\pouring_liquid\pouring_liquid_041.jpg,pouring liquid,drinking,False
C:\Projects\stanford40_split\test\pouring_liquid\pouring_liquid_054.jpg,pouring liquid,pouring liquid,True
C:\Projects\stanford40_split\test\pouring_liquid\pouring_liquid_055.jpg,pouring liquid,blowing bubbles,False
C:\Projects\stanford40_split\test\pouring_liquid\pouring_liquid_057.jpg,pouring liquid,drinking,False
C:\Projects\stanford40_split\test\pouring_liquid\pouring_liquid_073.jpg,pouring liquid,drinking,False
C:\Projects\stanford40_split\test\pouring_liquid\pouring_liquid_076.jpg,pouring liquid,cooking,False
C:\Projects\stanford40_split\test\pouring_liquid\pouring_liquid_077.jpg,pouring liquid,blowing bubbles,False
C:\Projects\stanford40_split\test\pouring_liquid\pouring_liquid_079.jpg,pouring liquid,drinking,False
C:\Projects\stanford40_split\test\pouring_liquid\pouring_liquid_089.jpg,pouring liquid,cooking,False
C:\Projects\stanford40_split\test\pouring_liquid\pouring_liquid_096.jpg,pouring liquid,pouring liquid,True
C:\Projects\stanford40_split\test\pouring_liquid\pouring_liquid_098.jpg,pouring liquid,drinking,False
C:\Projects\stanford40_split\test\pouring_liquid\pouring_liquid_101.jpg,pouring liquid,drinking,False
C:\Projects\stanford40_split\test\pouring_liquid\pouring_liquid_102.jpg,pouring liquid,pouring liquid,True
C:\Projects\stanford40_split\test\pouring_liquid\pouring_liquid_113.jpg,pouring liquid,drinking,False
C:\Projects\stanford40_split\test\pouring_liquid\pouring_liquid_122.jpg,pouring liquid,washing dishes,False
C:\Projects\stanford40_split\test\pouring_liquid\pouring_liquid_137.jpg,pouring liquid,washing dishes,False
C:\Projects\stanford40_split\test\pouring_liquid\pouring_liquid_138.jpg,pouring liquid,washing dishes,False
C:\Projects\stanford40_split\test\pouring_liquid\pouring_liquid_140.jpg,pouring liquid,blowing bubbles,False
C:\Projects\stanford40_split\test\pouring_liquid\pouring_liquid_141.jpg,pouring liquid,blowing bubbles,False
C:\Projects\stanford40_split\test\pouring_liquid\pouring_liquid_142.jpg,pouring liquid,texting message,False
C:\Projects\stanford40_split\test\pouring_liquid\pouring_liquid_143.jpg,pouring liquid,cutting vegetables,False
C:\Projects\stanford40_split\test\pouring_liquid\pouring_liquid_147.jpg,pouring liquid,drinking,False
C:\Projects\stanford40_split\test\pouring_liquid\pouring_liquid_153.jpg,pouring liquid,drinking,False
C:\Projects\stanford40_split\test\pouring_liquid\pouring_liquid_156.jpg,pouring liquid,pouring liquid,True
C:\Projects\stanford40_split\test\pouring_liquid\pouring_liquid_163.jpg,pouring liquid,washing dishes,False
C:\Projects\stanford40_split\test\pouring_liquid\pouring_liquid_166.jpg,pouring liquid,washing dishes,False
C:\Projects\stanford40_split\test\pouring_liquid\pouring_liquid_170.jpg,pouring liquid,cooking,False
C:\Projects\stanford40_split\test\pouring_liquid\pouring_liquid_174.jpg,pouring liquid,drinking,False
C:\Projects\stanford40_split\test\pouring_liquid\pouring_liquid_182.jpg,pouring liquid,pouring liquid,True
C:\Projects\stanford40_split\test\pouring_liquid\pouring_liquid_186.jpg,pouring liquid,blowing bubbles,False
C:\Projects\stanford40_split\test\pouring_liquid\pouring_liquid_196.jpg,pouring liquid,pouring liquid,True
C:\Projects\stanford40_split\test\pushing_a_cart\pushing_a_cart_002.jpg,pushing a cart,pushing a cart,True
C:\Projects\stanford40_split\test\pushing_a_cart\pushing_a_cart_006.jpg,pushing a cart,pushing a cart,True
C:\Projects\stanford40_split\test\pushing_a_cart\pushing_a_cart_020.jpg,pushing a cart,pushing a cart,True
C:\Projects\stanford40_split\test\pushing_a_cart\pushing_a_cart_030.jpg,pushing a cart,pushing a cart,True
C:\Projects\stanford40_split\test\pushing_a_cart\pushing_a_cart_031.jpg,pushing a cart,pushing a cart,True
C:\Projects\stanford40_split\test\pushing_a_cart\pushing_a_cart_036.jpg,pushing a cart,pushing a cart,True
C:\Projects\stanford40_split\test\pushing_a_cart\pushing_a_cart_039.jpg,pushing a cart,pushing a cart,True
C:\Projects\stanford40_split\test\pushing_a_cart\pushing_a_cart_041.jpg,pushing a cart,pushing a cart,True
C:\Projects\stanford40_split\test\pushing_a_cart\pushing_a_cart_042.jpg,pushing a cart,pushing a cart,True
C:\Projects\stanford40_split\test\pushing_a_cart\pushing_a_cart_043.jpg,pushing a cart,pushing a cart,True
C:\Projects\stanford40_split\test\pushing_a_cart\pushing_a_cart_048.jpg,pushing a cart,pushing a cart,True
C:\Projects\stanford40_split\test\pushing_a_cart\pushing_a_cart_054.jpg,pushing a cart,pushing a cart,True
C:\Projects\stanford40_split\test\pushing_a_cart\pushing_a_cart_055.jpg,pushing a cart,pouring liquid,False
C:\Projects\stanford40_split\test\pushing_a_cart\pushing_a_cart_058.jpg,pushing a cart,pushing a cart,True
C:\Projects\stanford40_split\test\pushing_a_cart\pushing_a_cart_059.jpg,pushing a cart,pushing a cart,True
C:\Projects\stanford40_split\test\pushing_a_cart\pushing_a_cart_072.jpg,pushing a cart,pushing a cart,True
C:\Projects\stanford40_split\test\pushing_a_cart\pushing_a_cart_085.jpg,pushing a cart,gardening,False
C:\Projects\stanford40_split\test\pushing_a_cart\pushing_a_cart_089.jpg,pushing a cart,pushing a cart,True
C:\Projects\stanford40_split\test\pushing_a_cart\pushing_a_cart_091.jpg,pushing a cart,pushing a cart,True
C:\Projects\stanford40_split\test\pushing_a_cart\pushing_a_cart_093.jpg,pushing a cart,pushing a cart,True
C:\Projects\stanford40_split\test\pushing_a_cart\pushing_a_cart_097.jpg,pushing a cart,pushing a cart,True
C:\Projects\stanford40_split\test\pushing_a_cart\pushing_a_cart_104.jpg,pushing a cart,pushing a cart,True
C:\Projects\stanford40_split\test\pushing_a_cart\pushing_a_cart_106.jpg,pushing a cart,pushing a cart,True
C:\Projects\stanford40_split\test\pushing_a_cart\pushing_a_cart_107.jpg,pushing a cart,pushing a cart,True
C:\Projects\stanford40_split\test\pushing_a_cart\pushing_a_cart_113.jpg,pushing a cart,pushing a cart,True
C:\Projects\stanford40_split\test\pushing_a_cart\pushing_a_cart_123.jpg,pushing a cart,pushing a cart,True
C:\Projects\stanford40_split\test\pushing_a_cart\pushing_a_cart_124.jpg,pushing a cart,pushing a cart,True
C:\Projects\stanford40_split\test\pushing_a_cart\pushing_a_cart_125.jpg,pushing a cart,walking the dog,False
C:\Projects\stanford40_split\test\pushing_a_cart\pushing_a_cart_129.jpg,pushing a cart,pushing a cart,True
C:\Projects\stanford40_split\test\pushing_a_cart\pushing_a_cart_132.jpg,pushing a cart,pushing a cart,True
C:\Projects\stanford40_split\test\pushing_a_cart\pushing_a_cart_133.jpg,pushing a cart,pushing a cart,True
C:\Projects\stanford40_split\test\pushing_a_cart\pushing_a_cart_152.jpg,pushing a cart,pushing a cart,True
C:\Projects\stanford40_split\test\pushing_a_cart\pushing_a_cart_155.jpg,pushing a cart,pushing a cart,True
C:\Projects\stanford40_split\test\pushing_a_cart\pushing_a_cart_165.jpg,pushing a cart,pushing a cart,True
C:\Projects\stanford40_split\test\pushing_a_cart\pushing_a_cart_166.jpg,pushing a cart,pushing a cart,True
C:\Projects\stanford40_split\test\pushing_a_cart\pushing_a_cart_170.jpg,pushing a cart,pushing a cart,True
C:\Projects\stanford40_split\test\pushing_a_cart\pushing_a_cart_173.jpg,pushing a cart,pushing a cart,True
C:\Projects\stanford40_split\test\pushing_a_cart\pushing_a_cart_184.jpg,pushing a cart,pushing a cart,True
C:\Projects\stanford40_split\test\pushing_a_cart\pushing_a_cart_185.jpg,pushing a cart,pushing a cart,True
C:\Projects\stanford40_split\test\pushing_a_cart\pushing_a_cart_196.jpg,pushing a cart,pushing a cart,True
C:\Projects\stanford40_split\test\pushing_a_cart\pushing_a_cart_203.jpg,pushing a cart,pushing a cart,True
C:\Projects\stanford40_split\test\pushing_a_cart\pushing_a_cart_210.jpg,pushing a cart,pushing a cart,True
C:\Projects\stanford40_split\test\pushing_a_cart\pushing_a_cart_217.jpg,pushing a cart,pushing a cart,True
C:\Projects\stanford40_split\test\pushing_a_cart\pushing_a_cart_223.jpg,pushing a cart,pushing a cart,True
C:\Projects\stanford40_split\test\pushing_a_cart\pushing_a_cart_224.jpg,pushing a cart,walking the dog,False
C:\Projects\stanford40_split\test\pushing_a_cart\pushing_a_cart_228.jpg,pushing a cart,pouring liquid,False
C:\Projects\stanford40_split\test\pushing_a_cart\pushing_a_cart_233.jpg,pushing a cart,pushing a cart,True
C:\Projects\stanford40_split\test\reading\reading_001.jpg,reading,reading,True
C:\Projects\stanford40_split\test\reading\reading_003.jpg,reading,reading,True
C:\Projects\stanford40_split\test\reading\reading_004.jpg,reading,reading,True
C:\Projects\stanford40_split\test\reading\reading_009.jpg,reading,reading,True
C:\Projects\stanford40_split\test\reading\reading_010.jpg,reading,reading,True
C:\Projects\stanford40_split\test\reading\reading_018.jpg,reading,drinking,False
C:\Projects\stanford40_split\test\reading\reading_023.jpg,reading,reading,True
C:\Projects\stanford40_split\test\reading\reading_024.jpg,reading,reading,True
C:\Projects\stanford40_split\test\reading\reading_041.jpg,reading,reading,True
C:\Projects\stanford40_split\test\reading\reading_044.jpg,reading,gardening,False
C:\Projects\stanford40_split\test\reading\reading_050.jpg,reading,reading,True
C:\Projects\stanford40_split\test\reading\reading_052.jpg,reading,reading,True
C:\Projects\stanford40_split\test\reading\reading_060.jpg,reading,walking the dog,False
C:\Projects\stanford40_split\test\reading\reading_062.jpg,reading,reading,True
C:\Projects\stanford40_split\test\reading\reading_071.jpg,reading,reading,True
C:\Projects\stanford40_split\test\reading\reading_073.jpg,reading,reading,True
C:\Projects\stanford40_split\test\reading\reading_074.jpg,reading,reading,True
C:\Projects\stanford40_split\test\reading\reading_089.jpg,reading,writing on a board,False
C:\Projects\stanford40_split\test\reading\reading_090.jpg,reading,reading,True
C:\Projects\stanford40_split\test\reading\reading_091.jpg,reading,reading,True
C:\Projects\stanford40_split\test\reading\reading_093.jpg,reading,reading,True
C:\Projects\stanford40_split\test\reading\reading_102.jpg,reading,reading,True
C:\Projects\stanford40_split\test\reading\reading_103.jpg,reading,reading,True
C:\Projects\stanford40_split\test\reading\reading_104.jpg,reading,reading,True
C:\Projects\stanford40_split\test\reading\reading_113.jpg,reading,reading,True
C:\Projects\stanford40_split\test\reading\reading_131.jpg,reading,reading,True
C:\Projects\stanford40_split\test\reading\reading_133.jpg,reading,reading,True
C:\Projects\stanford40_split\test\reading\reading_141.jpg,reading,reading,True
C:\Projects\stanford40_split\test\reading\reading_144.jpg,reading,reading,True
C:\Projects\stanford40_split\test\reading\reading_150.jpg,reading,writing on a book,False
C:\Projects\stanford40_split\test\reading\reading_151.jpg,reading,reading,True
C:\Projects\stanford40_split\test\reading\reading_154.jpg,reading,reading,True
C:\Projects\stanford40_split\test\reading\reading_158.jpg,reading,reading,True
C:\Projects\stanford40_split\test\reading\reading_168.jpg,reading,writing on a book,False
C:\Projects\stanford40_split\test\reading\reading_169.jpg,reading,reading,True
C:\Projects\stanford40_split\test\reading\reading_172.jpg,reading,reading,True
C:\Projects\stanford40_split\test\reading\reading_173.jpg,reading,reading,True
C:\Projects\stanford40_split\test\reading\reading_179.jpg,reading,using a computer,False
C:\Projects\stanford40_split\test\reading\reading_181.jpg,reading,reading,True
C:\Projects\stanford40_split\test\reading\reading_186.jpg,reading,reading,True
C:\Projects\stanford40_split\test\reading\reading_189.jpg,reading,reading,True
C:\Projects\stanford40_split\test\reading\reading_200.jpg,reading,reading,True
C:\Projects\stanford40_split\test\reading\reading_201.jpg,reading,reading,True
C:\Projects\stanford40_split\test\reading\reading_206.jpg,reading,reading,True
C:\Projects\stanford40_split\test\reading\reading_218.jpg,reading,reading,True
C:\Projects\stanford40_split\test\reading\reading_231.jpg,reading,reading,True
C:\Projects\stanford40_split\test\reading\reading_238.jpg,reading,reading,True
C:\Projects\stanford40_split\test\reading\reading_239.jpg,reading,reading,True
C:\Projects\stanford40_split\test\reading\reading_243.jpg,reading,reading,True
C:\Projects\stanford40_split\test\riding_a_bike\riding_a_bike_006.jpg,riding a bike,riding a bike,True
C:\Projects\stanford40_split\test\riding_a_bike\riding_a_bike_011.jpg,riding a bike,riding a bike,True
C:\Projects\stanford40_split\test\riding_a_bike\riding_a_bike_017.jpg,riding a bike,riding a bike,True
C:\Projects\stanford40_split\test\riding_a_bike\riding_a_bike_021.jpg,riding a bike,riding a bike,True
C:\Projects\stanford40_split\test\riding_a_bike\riding_a_bike_025.jpg,riding a bike,riding a bike,True
C:\Projects\stanford40_split\test\riding_a_bike\riding_a_bike_027.jpg,riding a bike,riding a bike,True
C:\Projects\stanford40_split\test\riding_a_bike\riding_a_bike_033.jpg,riding a bike,riding a bike,True
C:\Projects\stanford40_split\test\riding_a_bike\riding_a_bike_037.jpg,riding a bike,riding a bike,True
C:\Projects\stanford40_split\test\riding_a_bike\riding_a_bike_041.jpg,riding a bike,riding a bike,True
C:\Projects\stanford40_split\test\riding_a_bike\riding_a_bike_043.jpg,riding a bike,riding a bike,True
C:\Projects\stanford40_split\test\riding_a_bike\riding_a_bike_048.jpg,riding a bike,riding a bike,True
C:\Projects\stanford40_split\test\riding_a_bike\riding_a_bike_054.jpg,riding a bike,riding a bike,True
C:\Projects\stanford40_split\test\riding_a_bike\riding_a_bike_061.jpg,riding a bike,riding a bike,True
C:\Projects\stanford40_split\test\riding_a_bike\riding_a_bike_063.jpg,riding a bike,riding a bike,True
C:\Projects\stanford40_split\test\riding_a_bike\riding_a_bike_065.jpg,riding a bike,riding a bike,True
C:\Projects\stanford40_split\test\riding_a_bike\riding_a_bike_075.jpg,riding a bike,riding a bike,True
C:\Projects\stanford40_split\test\riding_a_bike\riding_a_bike_083.jpg,riding a bike,riding a bike,True
C:\Projects\stanford40_split\test\riding_a_bike\riding_a_bike_086.jpg,riding a bike,riding a bike,True
C:\Projects\stanford40_split\test\riding_a_bike\riding_a_bike_090.jpg,riding a bike,riding a bike,True
C:\Projects\stanford40_split\test\riding_a_bike\riding_a_bike_102.jpg,riding a bike,riding a bike,True
C:\Projects\stanford40_split\test\riding_a_bike\riding_a_bike_117.jpg,riding a bike,riding a bike,True
C:\Projects\stanford40_split\test\riding_a_bike\riding_a_bike_137.jpg,riding a bike,riding a bike,True
C:\Projects\stanford40_split\test\riding_a_bike\riding_a_bike_139.jpg,riding a bike,riding a bike,True
C:\Projects\stanford40_split\test\riding_a_bike\riding_a_bike_146.jpg,riding a bike,riding a bike,True
C:\Projects\stanford40_split\test\riding_a_bike\riding_a_bike_147.jpg,riding a bike,riding a bike,True
C:\Projects\stanford40_split\test\riding_a_bike\riding_a_bike_150.jpg,riding a bike,riding a bike,True
C:\Projects\stanford40_split\test\riding_a_bike\riding_a_bike_161.jpg,riding a bike,riding a bike,True
C:\Projects\stanford40_split\test\riding_a_bike\riding_a_bike_163.jpg,riding a bike,riding a bike,True
C:\Projects\stanford40_split\test\riding_a_bike\riding_a_bike_167.jpg,riding a bike,riding a bike,True
C:\Projects\stanford40_split\test\riding_a_bike\riding_a_bike_170.jpg,riding a bike,fixing a bike,False
C:\Projects\stanford40_split\test\riding_a_bike\riding_a_bike_173.jpg,riding a bike,riding a bike,True
C:\Projects\stanford40_split\test\riding_a_bike\riding_a_bike_176.jpg,riding a bike,riding a bike,True
C:\Projects\stanford40_split\test\riding_a_bike\riding_a_bike_177.jpg,riding a bike,riding a bike,True
C:\Projects\stanford40_split\test\riding_a_bike\riding_a_bike_180.jpg,riding a bike,riding a bike,True
C:\Projects\stanford40_split\test\riding_a_bike\riding_a_bike_182.jpg,riding a bike,riding a bike,True
C:\Projects\stanford40_split\test\riding_a_bike\riding_a_bike_186.jpg,riding a bike,riding a bike,True
C:\Projects\stanford40_split\test\riding_a_bike\riding_a_bike_187.jpg,riding a bike,riding a bike,True
C:\Projects\stanford40_split\test\riding_a_bike\riding_a_bike_191.jpg,riding a bike,riding a bike,True
C:\Projects\stanford40_split\test\riding_a_bike\riding_a_bike_192.jpg,riding a bike,riding a bike,True
C:\Projects\stanford40_split\test\riding_a_bike\riding_a_bike_196.jpg,riding a bike,riding a bike,True
C:\Projects\stanford40_split\test\riding_a_bike\riding_a_bike_203.jpg,riding a bike,riding a bike,True
C:\Projects\stanford40_split\test\riding_a_bike\riding_a_bike_208.jpg,riding a bike,riding a bike,True
C:\Projects\stanford40_split\test\riding_a_bike\riding_a_bike_211.jpg,riding a bike,riding a bike,True
C:\Projects\stanford40_split\test\riding_a_bike\riding_a_bike_212.jpg,riding a bike,riding a bike,True
C:\Projects\stanford40_split\test\riding_a_bike\riding_a_bike_216.jpg,riding a bike,pushing a cart,False
C:\Projects\stanford40_split\test\riding_a_bike\riding_a_bike_219.jpg,riding a bike,riding a bike,True
C:\Projects\stanford40_split\test\riding_a_bike\riding_a_bike_225.jpg,riding a bike,riding a bike,True
C:\Projects\stanford40_split\test\riding_a_bike\riding_a_bike_228.jpg,riding a bike,riding a bike,True
C:\Projects\stanford40_split\test\riding_a_bike\riding_a_bike_229.jpg,riding a bike,riding a bike,True
C:\Projects\stanford40_split\test\riding_a_bike\riding_a_bike_231.jpg,riding a bike,riding a bike,True
C:\Projects\stanford40_split\test\riding_a_bike\riding_a_bike_238.jpg,riding a bike,riding a bike,True
C:\Projects\stanford40_split\test\riding_a_bike\riding_a_bike_241.jpg,riding a bike,riding a bike,True
C:\Projects\stanford40_split\test\riding_a_bike\riding_a_bike_250.jpg,riding a bike,riding a bike,True
C:\Projects\stanford40_split\test\riding_a_bike\riding_a_bike_255.jpg,riding a bike,riding a bike,True
C:\Projects\stanford40_split\test\riding_a_bike\riding_a_bike_262.jpg,riding a bike,riding a bike,True
C:\Projects\stanford40_split\test\riding_a_bike\riding_a_bike_276.jpg,riding a bike,riding a bike,True
C:\Projects\stanford40_split\test\riding_a_bike\riding_a_bike_279.jpg,riding a bike,riding a bike,True
C:\Projects\stanford40_split\test\riding_a_bike\riding_a_bike_288.jpg,riding a bike,riding a bike,True
C:\Projects\stanford40_split\test\riding_a_bike\riding_a_bike_289.jpg,riding a bike,riding a bike,True
C:\Projects\stanford40_split\test\riding_a_horse\riding_a_horse_001.jpg,riding a horse,riding a horse,True
C:\Projects\stanford40_split\test\riding_a_horse\riding_a_horse_010.jpg,riding a horse,riding a horse,True
C:\Projects\stanford40_split\test\riding_a_horse\riding_a_horse_011.jpg,riding a horse,riding a horse,True
C:\Projects\stanford40_split\test\riding_a_horse\riding_a_horse_012.jpg,riding a horse,riding a horse,True
C:\Projects\stanford40_split\test\riding_a_horse\riding_a_horse_018.jpg,riding a horse,riding a horse,True
C:\Projects\stanford40_split\test\riding_a_horse\riding_a_horse_021.jpg,riding a horse,riding a horse,True
C:\Projects\stanford40_split\test\riding_a_horse\riding_a_horse_025.jpg,riding a horse,riding a horse,True
C:\Projects\stanford40_split\test\riding_a_horse\riding_a_horse_029.jpg,riding a horse,riding a horse,True
C:\Projects\stanford40_split\test\riding_a_horse\riding_a_horse_033.jpg,riding a horse,riding a horse,True
C:\Projects\stanford40_split\test\riding_a_horse\riding_a_horse_036.jpg,riding a horse,riding a horse,True
C:\Projects\stanford40_split\test\riding_a_horse\riding_a_horse_040.jpg,riding a horse,feeding a horse,False
C:\Projects\stanford40_split\test\riding_a_horse\riding_a_horse_049.jpg,riding a horse,riding a horse,True
C:\Projects\stanford40_split\test\riding_a_horse\riding_a_horse_069.jpg,riding a horse,riding a horse,True
C:\Projects\stanford40_split\test\riding_a_horse\riding_a_horse_073.jpg,riding a horse,riding a horse,True
C:\Projects\stanford40_split\test\riding_a_horse\riding_a_horse_080.jpg,riding a horse,riding a horse,True
C:\Projects\stanford40_split\test\riding_a_horse\riding_a_horse_083.jpg,riding a horse,riding a horse,True
C:\Projects\stanford40_split\test\riding_a_horse\riding_a_horse_095.jpg,riding a horse,riding a horse,True
C:\Projects\stanford40_split\test\riding_a_horse\riding_a_horse_096.jpg,riding a horse,riding a horse,True
C:\Projects\stanford40_split\test\riding_a_horse\riding_a_horse_098.jpg,riding a horse,riding a horse,True
C:\Projects\stanford40_split\test\riding_a_horse\riding_a_horse_099.jpg,riding a horse,riding a horse,True
C:\Projects\stanford40_split\test\riding_a_horse\riding_a_horse_105.jpg,riding a horse,riding a horse,True
C:\Projects\stanford40_split\test\riding_a_horse\riding_a_horse_120.jpg,riding a horse,riding a horse,True
C:\Projects\stanford40_split\test\riding_a_horse\riding_a_horse_123.jpg,riding a horse,riding a horse,True
C:\Projects\stanford40_split\test\riding_a_horse\riding_a_horse_128.jpg,riding a horse,riding a horse,True
C:\Projects\stanford40_split\test\riding_a_horse\riding_a_horse_129.jpg,riding a horse,riding a horse,True
C:\Projects\stanford40_split\test\riding_a_horse\riding_a_horse_134.jpg,riding a horse,feeding a horse,False
C:\Projects\stanford40_split\test\riding_a_horse\riding_a_horse_135.jpg,riding a horse,riding a horse,True
C:\Projects\stanford40_split\test\riding_a_horse\riding_a_horse_141.jpg,riding a horse,riding a horse,True
C:\Projects\stanford40_split\test\riding_a_horse\riding_a_horse_142.jpg,riding a horse,riding a horse,True
C:\Projects\stanford40_split\test\riding_a_horse\riding_a_horse_151.jpg,riding a horse,riding a horse,True
C:\Projects\stanford40_split\test\riding_a_horse\riding_a_horse_152.jpg,riding a horse,riding a horse,True
C:\Projects\stanford40_split\test\riding_a_horse\riding_a_horse_157.jpg,riding a horse,riding a horse,True
C:\Projects\stanford40_split\test\riding_a_horse\riding_a_horse_163.jpg,riding a horse,riding a horse,True
C:\Projects\stanford40_split\test\riding_a_horse\riding_a_horse_165.jpg,riding a horse,riding a horse,True
C:\Projects\stanford40_split\test\riding_a_horse\riding_a_horse_166.jpg,riding a horse,riding a horse,True
C:\Projects\stanford40_split\test\riding_a_horse\riding_a_horse_169.jpg,riding a horse,riding a horse,True
C:\Projects\stanford40_split\test\riding_a_horse\riding_a_horse_175.jpg,riding a horse,riding a horse,True
C:\Projects\stanford40_split\test\riding_a_horse\riding_a_horse_178.jpg,riding a horse,feeding a horse,False
C:\Projects\stanford40_split\test\riding_a_horse\riding_a_horse_179.jpg,riding a horse,riding a horse,True
C:\Projects\stanford40_split\test\riding_a_horse\riding_a_horse_184.jpg,riding a horse,riding a horse,True
C:\Projects\stanford40_split\test\riding_a_horse\riding_a_horse_187.jpg,riding a horse,riding a horse,True
C:\Projects\stanford40_split\test\riding_a_horse\riding_a_horse_188.jpg,riding a horse,riding a horse,True
C:\Projects\stanford40_split\test\riding_a_horse\riding_a_horse_194.jpg,riding a horse,riding a horse,True
C:\Projects\stanford40_split\test\riding_a_horse\riding_a_horse_195.jpg,riding a horse,feeding a horse,False
C:\Projects\stanford40_split\test\riding_a_horse\riding_a_horse_197.jpg,riding a horse,riding a horse,True
C:\Projects\stanford40_split\test\riding_a_horse\riding_a_horse_199.jpg,riding a horse,riding a horse,True
C:\Projects\stanford40_split\test\riding_a_horse\riding_a_horse_225.jpg,riding a horse,riding a horse,True
C:\Projects\stanford40_split\test\riding_a_horse\riding_a_horse_231.jpg,riding a horse,riding a horse,True
C:\Projects\stanford40_split\test\riding_a_horse\riding_a_horse_233.jpg,riding a horse,riding a horse,True
C:\Projects\stanford40_split\test\riding_a_horse\riding_a_horse_240.jpg,riding a horse,riding a horse,True
C:\Projects\stanford40_split\test\riding_a_horse\riding_a_horse_246.jpg,riding a horse,feeding a horse,False
C:\Projects\stanford40_split\test\riding_a_horse\riding_a_horse_249.jpg,riding a horse,riding a horse,True
C:\Projects\stanford40_split\test\riding_a_horse\riding_a_horse_251.jpg,riding a horse,riding a horse,True
C:\Projects\stanford40_split\test\riding_a_horse\riding_a_horse_258.jpg,riding a horse,riding a horse,True
C:\Projects\stanford40_split\test\riding_a_horse\riding_a_horse_260.jpg,riding a horse,riding a horse,True
C:\Projects\stanford40_split\test\riding_a_horse\riding_a_horse_268.jpg,riding a horse,riding a horse,True
C:\Projects\stanford40_split\test\riding_a_horse\riding_a_horse_273.jpg,riding a horse,riding a horse,True
C:\Projects\stanford40_split\test\riding_a_horse\riding_a_horse_278.jpg,riding a horse,riding a horse,True
C:\Projects\stanford40_split\test\riding_a_horse\riding_a_horse_286.jpg,riding a horse,riding a horse,True
C:\Projects\stanford40_split\test\riding_a_horse\riding_a_horse_292.jpg,riding a horse,riding a horse,True
C:\Projects\stanford40_split\test\rowing_a_boat\rowing_a_boat_004.jpg,rowing a boat,rowing a boat,True
C:\Projects\stanford40_split\test\rowing_a_boat\rowing_a_boat_006.jpg,rowing a boat,rowing a boat,True
C:\Projects\stanford40_split\test\rowing_a_boat\rowing_a_boat_007.jpg,rowing a boat,rowing a boat,True
C:\Projects\stanford40_split\test\rowing_a_boat\rowing_a_boat_012.jpg,rowing a boat,rowing a boat,True
C:\Projects\stanford40_split\test\rowing_a_boat\rowing_a_boat_014.jpg,rowing a boat,rowing a boat,True
C:\Projects\stanford40_split\test\rowing_a_boat\rowing_a_boat_022.jpg,rowing a boat,rowing a boat,True
C:\Projects\stanford40_split\test\rowing_a_boat\rowing_a_boat_029.jpg,rowing a boat,rowing a boat,True
C:\Projects\stanford40_split\test\rowing_a_boat\rowing_a_boat_038.jpg,rowing a boat,rowing a boat,True
C:\Projects\stanford40_split\test\rowing_a_boat\rowing_a_boat_040.jpg,rowing a boat,rowing a boat,True
C:\Projects\stanford40_split\test\rowing_a_boat\rowing_a_boat_044.jpg,rowing a boat,rowing a boat,True
C:\Projects\stanford40_split\test\rowing_a_boat\rowing_a_boat_052.jpg,rowing a boat,rowing a boat,True
C:\Projects\stanford40_split\test\rowing_a_boat\rowing_a_boat_053.jpg,rowing a boat,rowing a boat,True
C:\Projects\stanford40_split\test\rowing_a_boat\rowing_a_boat_054.jpg,rowing a boat,rowing a boat,True
C:\Projects\stanford40_split\test\rowing_a_boat\rowing_a_boat_055.jpg,rowing a boat,rowing a boat,True
C:\Projects\stanford40_split\test\rowing_a_boat\rowing_a_boat_060.jpg,rowing a boat,rowing a boat,True
C:\Projects\stanford40_split\test\rowing_a_boat\rowing_a_boat_063.jpg,rowing a boat,rowing a boat,True
C:\Projects\stanford40_split\test\rowing_a_boat\rowing_a_boat_074.jpg,rowing a boat,rowing a boat,True
C:\Projects\stanford40_split\test\rowing_a_boat\rowing_a_boat_079.jpg,rowing a boat,rowing a boat,True
C:\Projects\stanford40_split\test\rowing_a_boat\rowing_a_boat_083.jpg,rowing a boat,rowing a boat,True
C:\Projects\stanford40_split\test\rowing_a_boat\rowing_a_boat_085.jpg,rowing a boat,rowing a boat,True
C:\Projects\stanford40_split\test\rowing_a_boat\rowing_a_boat_088.jpg,rowing a boat,rowing a boat,True
C:\Projects\stanford40_split\test\rowing_a_boat\rowing_a_boat_089.jpg,rowing a boat,rowing a boat,True
C:\Projects\stanford40_split\test\rowing_a_boat\rowing_a_boat_090.jpg,rowing a boat,rowing a boat,True
C:\Projects\stanford40_split\test\rowing_a_boat\rowing_a_boat_096.jpg,rowing a boat,rowing a boat,True
C:\Projects\stanford40_split\test\rowing_a_boat\rowing_a_boat_113.jpg,rowing a boat,rowing a boat,True
C:\Projects\stanford40_split\test\rowing_a_boat\rowing_a_boat_114.jpg,rowing a boat,rowing a boat,True
C:\Projects\stanford40_split\test\rowing_a_boat\rowing_a_boat_116.jpg,rowing a boat,rowing a boat,True
C:\Projects\stanford40_split\test\rowing_a_boat\rowing_a_boat_121.jpg,rowing a boat,rowing a boat,True
C:\Projects\stanford40_split\test\rowing_a_boat\rowing_a_boat_138.jpg,rowing a boat,rowing a boat,True
C:\Projects\stanford40_split\test\rowing_a_boat\rowing_a_boat_153.jpg,rowing a boat,fishing,False
C:\Projects\stanford40_split\test\rowing_a_boat\rowing_a_boat_158.jpg,rowing a boat,fishing,False
C:\Projects\stanford40_split\test\rowing_a_boat\rowing_a_boat_159.jpg,rowing a boat,rowing a boat,True
C:\Projects\stanford40_split\test\rowing_a_boat\rowing_a_boat_160.jpg,rowing a boat,rowing a boat,True
C:\Projects\stanford40_split\test\rowing_a_boat\rowing_a_boat_166.jpg,rowing a boat,rowing a boat,True
C:\Projects\stanford40_split\test\rowing_a_boat\rowing_a_boat_168.jpg,rowing a boat,rowing a boat,True
C:\Projects\stanford40_split\test\rowing_a_boat\rowing_a_boat_174.jpg,rowing a boat,rowing a boat,True
C:\Projects\stanford40_split\test\rowing_a_boat\rowing_a_boat_180.jpg,rowing a boat,rowing a boat,True
C:\Projects\stanford40_split\test\running\running_004.jpg,running,running,True
C:\Projects\stanford40_split\test\running\running_009.jpg,running,running,True
C:\Projects\stanford40_split\test\running\running_011.jpg,running,running,True
C:\Projects\stanford40_split\test\running\running_017.jpg,running,running,True
C:\Projects\stanford40_split\test\running\running_035.jpg,running,running,True
C:\Projects\stanford40_split\test\running\running_036.jpg,running,running,True
C:\Projects\stanford40_split\test\running\running_042.jpg,running,walking the dog,False
C:\Projects\stanford40_split\test\running\running_046.jpg,running,running,True
C:\Projects\stanford40_split\test\running\running_048.jpg,running,jumping,False
C:\Projects\stanford40_split\test\running\running_050.jpg,running,running,True
C:\Projects\stanford40_split\test\running\running_052.jpg,running,waving hands,False
C:\Projects\stanford40_split\test\running\running_053.jpg,running,running,True
C:\Projects\stanford40_split\test\running\running_057.jpg,running,running,True
C:\Projects\stanford40_split\test\running\running_058.jpg,running,throwing frisby,False
C:\Projects\stanford40_split\test\running\running_064.jpg,running,running,True
C:\Projects\stanford40_split\test\running\running_070.jpg,running,running,True
C:\Projects\stanford40_split\test\running\running_081.jpg,running,running,True
C:\Projects\stanford40_split\test\running\running_084.jpg,running,running,True
C:\Projects\stanford40_split\test\running\running_096.jpg,running,running,True
C:\Projects\stanford40_split\test\running\running_098.jpg,running,running,True
C:\Projects\stanford40_split\test\running\running_100.jpg,running,running,True
C:\Projects\stanford40_split\test\running\running_101.jpg,running,running,True
C:\Projects\stanford40_split\test\running\running_104.jpg,running,running,True
C:\Projects\stanford40_split\test\running\running_105.jpg,running,running,True
C:\Projects\stanford40_split\test\running\running_106.jpg,running,running,True
C:\Projects\stanford40_split\test\running\running_110.jpg,running,running,True
C:\Projects\stanford40_split\test\running\running_113.jpg,running,running,True
C:\Projects\stanford40_split\test\running\running_118.jpg,running,throwing frisby,False
C:\Projects\stanford40_split\test\running\running_121.jpg,running,running,True
C:\Projects\stanford40_split\test\running\running_122.jpg,running,holding an umbrella,False
C:\Projects\stanford40_split\test\running\running_126.jpg,running,brushing teeth,False
C:\Projects\stanford40_split\test\running\running_129.jpg,running,running,True
C:\Projects\stanford40_split\test\running\running_147.jpg,running,running,True
C:\Projects\stanford40_split\test\running\running_155.jpg,running,running,True
C:\Projects\stanford40_split\test\running\running_156.jpg,running,running,True
C:\Projects\stanford40_split\test\running\running_157.jpg,running,running,True
C:\Projects\stanford40_split\test\running\running_158.jpg,running,running,True
C:\Projects\stanford40_split\test\running\running_167.jpg,running,running,True
C:\Projects\stanford40_split\test\running\running_172.jpg,running,running,True
C:\Projects\stanford40_split\test\running\running_177.jpg,running,running,True
C:\Projects\stanford40_split\test\running\running_183.jpg,running,running,True
C:\Projects\stanford40_split\test\running\running_185.jpg,running,running,True
C:\Projects\stanford40_split\test\running\running_189.jpg,running,running,True
C:\Projects\stanford40_split\test\running\running_191.jpg,running,running,True
C:\Projects\stanford40_split\test\running\running_194.jpg,running,running,True
C:\Projects\stanford40_split\test\running\running_196.jpg,running,taking photos,False
C:\Projects\stanford40_split\test\running\running_199.jpg,running,running,True
C:\Projects\stanford40_split\test\running\running_217.jpg,running,running,True
C:\Projects\stanford40_split\test\running\running_219.jpg,running,taking photos,False
C:\Projects\stanford40_split\test\running\running_227.jpg,running,running,True
C:\Projects\stanford40_split\test\running\running_240.jpg,running,running,True
C:\Projects\stanford40_split\test\shooting_an_arrow\shooting_an_arrow_001.jpg,shooting an arrow,shooting an arrow,True
C:\Projects\stanford40_split\test\shooting_an_arrow\shooting_an_arrow_002.jpg,shooting an arrow,shooting an arrow,True
C:\Projects\stanford40_split\test\shooting_an_arrow\shooting_an_arrow_003.jpg,shooting an arrow,shooting an arrow,True
C:\Projects\stanford40_split\test\shooting_an_arrow\shooting_an_arrow_007.jpg,shooting an arrow,shooting an arrow,True
C:\Projects\stanford40_split\test\shooting_an_arrow\shooting_an_arrow_012.jpg,shooting an arrow,shooting an arrow,True
C:\Projects\stanford40_split\test\shooting_an_arrow\shooting_an_arrow_018.jpg,shooting an arrow,shooting an arrow,True
C:\Projects\stanford40_split\test\shooting_an_arrow\shooting_an_arrow_030.jpg,shooting an arrow,shooting an arrow,True
C:\Projects\stanford40_split\test\shooting_an_arrow\shooting_an_arrow_031.jpg,shooting an arrow,shooting an arrow,True
C:\Projects\stanford40_split\test\shooting_an_arrow\shooting_an_arrow_050.jpg,shooting an arrow,shooting an arrow,True
C:\Projects\stanford40_split\test\shooting_an_arrow\shooting_an_arrow_052.jpg,shooting an arrow,shooting an arrow,True
C:\Projects\stanford40_split\test\shooting_an_arrow\shooting_an_arrow_054.jpg,shooting an arrow,shooting an arrow,True
C:\Projects\stanford40_split\test\shooting_an_arrow\shooting_an_arrow_055.jpg,shooting an arrow,shooting an arrow,True
C:\Projects\stanford40_split\test\shooting_an_arrow\shooting_an_arrow_060.jpg,shooting an arrow,shooting an arrow,True
C:\Projects\stanford40_split\test\shooting_an_arrow\shooting_an_arrow_066.jpg,shooting an arrow,shooting an arrow,True
C:\Projects\stanford40_split\test\shooting_an_arrow\shooting_an_arrow_073.jpg,shooting an arrow,shooting an arrow,True
C:\Projects\stanford40_split\test\shooting_an_arrow\shooting_an_arrow_075.jpg,shooting an arrow,shooting an arrow,True
C:\Projects\stanford40_split\test\shooting_an_arrow\shooting_an_arrow_077.jpg,shooting an arrow,shooting an arrow,True
C:\Projects\stanford40_split\test\shooting_an_arrow\shooting_an_arrow_079.jpg,shooting an arrow,shooting an arrow,True
C:\Projects\stanford40_split\test\shooting_an_arrow\shooting_an_arrow_083.jpg,shooting an arrow,shooting an arrow,True
C:\Projects\stanford40_split\test\shooting_an_arrow\shooting_an_arrow_086.jpg,shooting an arrow,shooting an arrow,True
C:\Projects\stanford40_split\test\shooting_an_arrow\shooting_an_arrow_088.jpg,shooting an arrow,shooting an arrow,True
C:\Projects\stanford40_split\test\shooting_an_arrow\shooting_an_arrow_090.jpg,shooting an arrow,shooting an arrow,True
C:\Projects\stanford40_split\test\shooting_an_arrow\shooting_an_arrow_102.jpg,shooting an arrow,shooting an arrow,True
C:\Projects\stanford40_split\test\shooting_an_arrow\shooting_an_arrow_106.jpg,shooting an arrow,shooting an arrow,True
C:\Projects\stanford40_split\test\shooting_an_arrow\shooting_an_arrow_107.jpg,shooting an arrow,shooting an arrow,True
C:\Projects\stanford40_split\test\shooting_an_arrow\shooting_an_arrow_120.jpg,shooting an arrow,shooting an arrow,True
C:\Projects\stanford40_split\test\shooting_an_arrow\shooting_an_arrow_130.jpg,shooting an arrow,shooting an arrow,True
C:\Projects\stanford40_split\test\shooting_an_arrow\shooting_an_arrow_141.jpg,shooting an arrow,shooting an arrow,True
C:\Projects\stanford40_split\test\shooting_an_arrow\shooting_an_arrow_144.jpg,shooting an arrow,shooting an arrow,True
C:\Projects\stanford40_split\test\shooting_an_arrow\shooting_an_arrow_146.jpg,shooting an arrow,shooting an arrow,True
C:\Projects\stanford40_split\test\shooting_an_arrow\shooting_an_arrow_157.jpg,shooting an arrow,shooting an arrow,True
C:\Projects\stanford40_split\test\shooting_an_arrow\shooting_an_arrow_158.jpg,shooting an arrow,shooting an arrow,True
C:\Projects\stanford40_split\test\shooting_an_arrow\shooting_an_arrow_161.jpg,shooting an arrow,shooting an arrow,True
C:\Projects\stanford40_split\test\shooting_an_arrow\shooting_an_arrow_164.jpg,shooting an arrow,shooting an arrow,True
C:\Projects\stanford40_split\test\shooting_an_arrow\shooting_an_arrow_176.jpg,shooting an arrow,shooting an arrow,True
C:\Projects\stanford40_split\test\shooting_an_arrow\shooting_an_arrow_177.jpg,shooting an arrow,shooting an arrow,True
C:\Projects\stanford40_split\test\shooting_an_arrow\shooting_an_arrow_182.jpg,shooting an arrow,shooting an arrow,True
C:\Projects\stanford40_split\test\shooting_an_arrow\shooting_an_arrow_189.jpg,shooting an arrow,shooting an arrow,True
C:\Projects\stanford40_split\test\shooting_an_arrow\shooting_an_arrow_193.jpg,shooting an arrow,shooting an arrow,True
C:\Projects\stanford40_split\test\shooting_an_arrow\shooting_an_arrow_196.jpg,shooting an arrow,shooting an arrow,True
C:\Projects\stanford40_split\test\shooting_an_arrow\shooting_an_arrow_200.jpg,shooting an arrow,fishing,False
C:\Projects\stanford40_split\test\shooting_an_arrow\shooting_an_arrow_204.jpg,shooting an arrow,shooting an arrow,True
C:\Projects\stanford40_split\test\shooting_an_arrow\shooting_an_arrow_208.jpg,shooting an arrow,shooting an arrow,True
C:\Projects\stanford40_split\test\smoking\smoking_008.jpg,smoking,smoking,True
C:\Projects\stanford40_split\test\smoking\smoking_017.jpg,smoking,smoking,True
C:\Projects\stanford40_split\test\smoking\smoking_019.jpg,smoking,smoking,True
C:\Projects\stanford40_split\test\smoking\smoking_027.jpg,smoking,blowing bubbles,False
C:\Projects\stanford40_split\test\smoking\smoking_028.jpg,smoking,taking photos,False
C:\Projects\stanford40_split\test\smoking\smoking_029.jpg,smoking,smoking,True
C:\Projects\stanford40_split\test\smoking\smoking_033.jpg,smoking,smoking,True
C:\Projects\stanford40_split\test\smoking\smoking_037.jpg,smoking,smoking,True
C:\Projects\stanford40_split\test\smoking\smoking_044.jpg,smoking,blowing bubbles,False
C:\Projects\stanford40_split\test\smoking\smoking_047.jpg,smoking,blowing bubbles,False
C:\Projects\stanford40_split\test\smoking\smoking_058.jpg,smoking,smoking,True
C:\Projects\stanford40_split\test\smoking\smoking_060.jpg,smoking,smoking,True
C:\Projects\stanford40_split\test\smoking\smoking_067.jpg,smoking,smoking,True
C:\Projects\stanford40_split\test\smoking\smoking_073.jpg,smoking,smoking,True
C:\Projects\stanford40_split\test\smoking\smoking_078.jpg,smoking,taking photos,False
C:\Projects\stanford40_split\test\smoking\smoking_084.jpg,smoking,smoking,True
C:\Projects\stanford40_split\test\smoking\smoking_085.jpg,smoking,drinking,False
C:\Projects\stanford40_split\test\smoking\smoking_090.jpg,smoking,smoking,True
C:\Projects\stanford40_split\test\smoking\smoking_094.jpg,smoking,blowing bubbles,False
C:\Projects\stanford40_split\test\smoking\smoking_101.jpg,smoking,smoking,True
C:\Projects\stanford40_split\test\smoking\smoking_104.jpg,smoking,shooting an arrow,False
C:\Projects\stanford40_split\test\smoking\smoking_117.jpg,smoking,smoking,True
C:\Projects\stanford40_split\test\smoking\smoking_119.jpg,smoking,smoking,True
C:\Projects\stanford40_split\test\smoking\smoking_120.jpg,smoking,smoking,True
C:\Projects\stanford40_split\test\smoking\smoking_121.jpg,smoking,smoking,True
C:\Projects\stanford40_split\test\smoking\smoking_122.jpg,smoking,smoking,True
C:\Projects\stanford40_split\test\smoking\smoking_123.jpg,smoking,drinking,False
C:\Projects\stanford40_split\test\smoking\smoking_125.jpg,smoking,smoking,True
C:\Projects\stanford40_split\test\smoking\smoking_131.jpg,smoking,smoking,True
C:\Projects\stanford40_split\test\smoking\smoking_137.jpg,smoking,smoking,True
C:\Projects\stanford40_split\test\smoking\smoking_143.jpg,smoking,smoking,True
C:\Projects\stanford40_split\test\smoking\smoking_148.jpg,smoking,smoking,True
C:\Projects\stanford40_split\test\smoking\smoking_155.jpg,smoking,phoning,False
C:\Projects\stanford40_split\test\smoking\smoking_158.jpg,smoking,smoking,True
C:\Projects\stanford40_split\test\smoking\smoking_165.jpg,smoking,smoking,True
C:\Projects\stanford40_split\test\smoking\smoking_167.jpg,smoking,smoking,True
C:\Projects\stanford40_split\test\smoking\smoking_171.jpg,smoking,phoning,False
C:\Projects\stanford40_split\test\smoking\smoking_176.jpg,smoking,smoking,True
C:\Projects\stanford40_split\test\smoking\smoking_180.jpg,smoking,smoking,True
C:\Projects\stanford40_split\test\smoking\smoking_182.jpg,smoking,smoking,True
C:\Projects\stanford40_split\test\smoking\smoking_183.jpg,smoking,smoking,True
C:\Projects\stanford40_split\test\smoking\smoking_197.jpg,smoking,blowing bubbles,False
C:\Projects\stanford40_split\test\smoking\smoking_202.jpg,smoking,smoking,True
C:\Projects\stanford40_split\test\smoking\smoking_213.jpg,smoking,texting message,False
C:\Projects\stanford40_split\test\smoking\smoking_220.jpg,smoking,blowing bubbles,False
C:\Projects\stanford40_split\test\smoking\smoking_221.jpg,smoking,smoking,True
C:\Projects\stanford40_split\test\smoking\smoking_230.jpg,smoking,blowing bubbles,False
C:\Projects\stanford40_split\test\smoking\smoking_232.jpg,smoking,smoking,True
C:\Projects\stanford40_split\test\smoking\smoking_238.jpg,smoking,smoking,True
C:\Projects\stanford40_split\test\taking_photos\taking_photos_004.jpg,taking photos,taking photos,True
C:\Projects\stanford40_split\test\taking_photos\taking_photos_007.jpg,taking photos,taking photos,True
C:\Projects\stanford40_split\test\taking_photos\taking_photos_009.jpg,taking photos,taking photos,True
C:\Projects\stanford40_split\test\taking_photos\taking_photos_014.jpg,taking photos,blowing bubbles,False
C:\Projects\stanford40_split\test\taking_photos\taking_photos_016.jpg,taking photos,smoking,False
C:\Projects\stanford40_split\test\taking_photos\taking_photos_020.jpg,taking photos,taking photos,True
C:\Projects\stanford40_split\test\taking_photos\taking_photos_022.jpg,taking photos,taking photos,True
C:\Projects\stanford40_split\test\taking_photos\taking_photos_029.jpg,taking photos,running,False
C:\Projects\stanford40_split\test\taking_photos\taking_photos_033.jpg,taking photos,taking photos,True
C:\Projects\stanford40_split\test\taking_photos\taking_photos_034.jpg,taking photos,taking photos,True
C:\Projects\stanford40_split\test\taking_photos\taking_photos_039.jpg,taking photos,taking photos,True
C:\Projects\stanford40_split\test\taking_photos\taking_photos_044.jpg,taking photos,taking photos,True
C:\Projects\stanford40_split\test\taking_photos\taking_photos_045.jpg,taking photos,taking photos,True
C:\Projects\stanford40_split\test\taking_photos\taking_photos_047.jpg,taking photos,taking photos,True
C:\Projects\stanford40_split\test\taking_photos\taking_photos_061.jpg,taking photos,taking photos,True
C:\Projects\stanford40_split\test\taking_photos\taking_photos_065.jpg,taking photos,taking photos,True
C:\Projects\stanford40_split\test\taking_photos\taking_photos_066.jpg,taking photos,taking photos,True
C:\Projects\stanford40_split\test\taking_photos\taking_photos_067.jpg,taking photos,gardening,False
C:\Projects\stanford40_split\test\taking_photos\taking_photos_071.jpg,taking photos,taking photos,True
C:\Projects\stanford40_split\test\taking_photos\taking_photos_072.jpg,taking photos,taking photos,True
C:\Projects\stanford40_split\test\taking_photos\taking_photos_074.jpg,taking photos,taking photos,True
C:\Projects\stanford40_split\test\taking_photos\taking_photos_075.jpg,taking photos,taking photos,True
C:\Projects\stanford40_split\test\taking_photos\taking_photos_088.jpg,taking photos,taking photos,True
C:\Projects\stanford40_split\test\taking_photos\taking_photos_095.jpg,taking photos,taking photos,True
C:\Projects\stanford40_split\test\taking_photos\taking_photos_115.jpg,taking photos,taking photos,True
C:\Projects\stanford40_split\test\taking_photos\taking_photos_122.jpg,taking photos,climbing,False
C:\Projects\stanford40_split\test\taking_photos\taking_photos_125.jpg,taking photos,taking photos,True
C:\Projects\stanford40_split\test\taking_photos\taking_photos_130.jpg,taking photos,taking photos,True
C:\Projects\stanford40_split\test\taking_photos\taking_photos_136.jpg,taking photos,taking photos,True
C:\Projects\stanford40_split\test\taking_photos\taking_photos_147.jpg,taking photos,taking photos,True
C:\Projects\stanford40_split\test\taking_photos\taking_photos_149.jpg,taking photos,taking photos,True
C:\Projects\stanford40_split\test\taking_photos\taking_photos_152.jpg,taking photos,playing violin,False
C:\Projects\stanford40_split\test\taking_photos\taking_photos_155.jpg,taking photos,taking photos,True
C:\Projects\stanford40_split\test\taking_photos\taking_photos_158.jpg,taking photos,taking photos,True
C:\Projects\stanford40_split\test\taking_photos\taking_photos_160.jpg,taking photos,taking photos,True
C:\Projects\stanford40_split\test\taking_photos\taking_photos_162.jpg,taking photos,taking photos,True
C:\Projects\stanford40_split\test\taking_photos\taking_photos_169.jpg,taking photos,taking photos,True
C:\Projects\stanford40_split\test\taking_photos\taking_photos_170.jpg,taking photos,taking photos,True
C:\Projects\stanford40_split\test\taking_photos\taking_photos_180.jpg,taking photos,taking photos,True
C:\Projects\stanford40_split\test\taking_photos\taking_photos_185.jpg,taking photos,taking photos,True
C:\Projects\stanford40_split\test\texting_message\texting_message_001.jpg,texting message,texting message,True
C:\Projects\stanford40_split\test\texting_message\texting_message_010.jpg,texting message,reading,False
C:\Projects\stanford40_split\test\texting_message\texting_message_015.jpg,texting message,texting message,True
C:\Projects\stanford40_split\test\texting_message\texting_message_018.jpg,texting message,texting message,True
C:\Projects\stanford40_split\test\texting_message\texting_message_021.jpg,texting message,phoning,False
C:\Projects\stanford40_split\test\texting_message\texting_message_024.jpg,texting message,taking photos,False
C:\Projects\stanford40_split\test\texting_message\texting_message_032.jpg,texting message,texting message,True
C:\Projects\stanford40_split\test\texting_message\texting_message_039.jpg,texting message,taking photos,False
C:\Projects\stanford40_split\test\texting_message\texting_message_058.jpg,texting message,texting message,True
C:\Projects\stanford40_split\test\texting_message\texting_message_069.jpg,texting message,texting message,True
C:\Projects\stanford40_split\test\texting_message\texting_message_078.jpg,texting message,texting message,True
C:\Projects\stanford40_split\test\texting_message\texting_message_085.jpg,texting message,phoning,False
C:\Projects\stanford40_split\test\texting_message\texting_message_086.jpg,texting message,texting message,True
C:\Projects\stanford40_split\test\texting_message\texting_message_088.jpg,texting message,texting message,True
C:\Projects\stanford40_split\test\texting_message\texting_message_092.jpg,texting message,texting message,True
C:\Projects\stanford40_split\test\texting_message\texting_message_094.jpg,texting message,texting message,True
C:\Projects\stanford40_split\test\texting_message\texting_message_099.jpg,texting message,reading,False
C:\Projects\stanford40_split\test\texting_message\texting_message_100.jpg,texting message,texting message,True
C:\Projects\stanford40_split\test\texting_message\texting_message_101.jpg,texting message,texting message,True
C:\Projects\stanford40_split\test\texting_message\texting_message_103.jpg,texting message,texting message,True
C:\Projects\stanford40_split\test\texting_message\texting_message_104.jpg,texting message,phoning,False
C:\Projects\stanford40_split\test\texting_message\texting_message_112.jpg,texting message,texting message,True
C:\Projects\stanford40_split\test\texting_message\texting_message_118.jpg,texting message,pushing a cart,False
C:\Projects\stanford40_split\test\texting_message\texting_message_123.jpg,texting message,drinking,False
C:\Projects\stanford40_split\test\texting_message\texting_message_124.jpg,texting message,texting message,True
C:\Projects\stanford40_split\test\texting_message\texting_message_126.jpg,texting message,reading,False
C:\Projects\stanford40_split\test\texting_message\texting_message_132.jpg,texting message,reading,False
C:\Projects\stanford40_split\test\texting_message\texting_message_137.jpg,texting message,reading,False
C:\Projects\stanford40_split\test\texting_message\texting_message_138.jpg,texting message,texting message,True
C:\Projects\stanford40_split\test\texting_message\texting_message_139.jpg,texting message,texting message,True
C:\Projects\stanford40_split\test\texting_message\texting_message_146.jpg,texting message,taking photos,False
C:\Projects\stanford40_split\test\texting_message\texting_message_148.jpg,texting message,texting message,True
C:\Projects\stanford40_split\test\texting_message\texting_message_164.jpg,texting message,texting message,True
C:\Projects\stanford40_split\test\texting_message\texting_message_168.jpg,texting message,texting message,True
C:\Projects\stanford40_split\test\texting_message\texting_message_171.jpg,texting message,texting message,True
C:\Projects\stanford40_split\test\texting_message\texting_message_180.jpg,texting message,texting message,True
C:\Projects\stanford40_split\test\texting_message\texting_message_184.jpg,texting message,texting message,True
C:\Projects\stanford40_split\test\texting_message\texting_message_190.jpg,texting message,texting message,True
C:\Projects\stanford40_split\test\texting_message\texting_message_193.jpg,texting message,taking photos,False
C:\Projects\stanford40_split\test\throwing_frisby\throwing_frisby_008.jpg,throwing frisby,throwing frisby,True
C:\Projects\stanford40_split\test\throwing_frisby\throwing_frisby_012.jpg,throwing frisby,throwing frisby,True
C:\Projects\stanford40_split\test\throwing_frisby\throwing_frisby_014.jpg,throwing frisby,throwing frisby,True
C:\Projects\stanford40_split\test\throwing_frisby\throwing_frisby_019.jpg,throwing frisby,throwing frisby,True
C:\Projects\stanford40_split\test\throwing_frisby\throwing_frisby_027.jpg,throwing frisby,throwing frisby,True
C:\Projects\stanford40_split\test\throwing_frisby\throwing_frisby_029.jpg,throwing frisby,throwing frisby,True
C:\Projects\stanford40_split\test\throwing_frisby\throwing_frisby_030.jpg,throwing frisby,throwing frisby,True
C:\Projects\stanford40_split\test\throwing_frisby\throwing_frisby_039.jpg,throwing frisby,brushing teeth,False
C:\Projects\stanford40_split\test\throwing_frisby\throwing_frisby_041.jpg,throwing frisby,throwing frisby,True
C:\Projects\stanford40_split\test\throwing_frisby\throwing_frisby_046.jpg,throwing frisby,throwing frisby,True
C:\Projects\stanford40_split\test\throwing_frisby\throwing_frisby_050.jpg,throwing frisby,throwing frisby,True
C:\Projects\stanford40_split\test\throwing_frisby\throwing_frisby_051.jpg,throwing frisby,throwing frisby,True
C:\Projects\stanford40_split\test\throwing_frisby\throwing_frisby_054.jpg,throwing frisby,throwing frisby,True
C:\Projects\stanford40_split\test\throwing_frisby\throwing_frisby_061.jpg,throwing frisby,throwing frisby,True
C:\Projects\stanford40_split\test\throwing_frisby\throwing_frisby_065.jpg,throwing frisby,throwing frisby,True
C:\Projects\stanford40_split\test\throwing_frisby\throwing_frisby_071.jpg,throwing frisby,throwing frisby,True
C:\Projects\stanford40_split\test\throwing_frisby\throwing_frisby_073.jpg,throwing frisby,throwing frisby,True
C:\Projects\stanford40_split\test\throwing_frisby\throwing_frisby_084.jpg,throwing frisby,throwing frisby,True
C:\Projects\stanford40_split\test\throwing_frisby\throwing_frisby_086.jpg,throwing frisby,throwing frisby,True
C:\Projects\stanford40_split\test\throwing_frisby\throwing_frisby_094.jpg,throwing frisby,running,False
C:\Projects\stanford40_split\test\throwing_frisby\throwing_frisby_108.jpg,throwing frisby,throwing frisby,True
C:\Projects\stanford40_split\test\throwing_frisby\throwing_frisby_112.jpg,throwing frisby,throwing frisby,True
C:\Projects\stanford40_split\test\throwing_frisby\throwing_frisby_114.jpg,throwing frisby,throwing frisby,True
C:\Projects\stanford40_split\test\throwing_frisby\throwing_frisby_117.jpg,throwing frisby,throwing frisby,True
C:\Projects\stanford40_split\test\throwing_frisby\throwing_frisby_122.jpg,throwing frisby,throwing frisby,True
C:\Projects\stanford40_split\test\throwing_frisby\throwing_frisby_125.jpg,throwing frisby,throwing frisby,True
C:\Projects\stanford40_split\test\throwing_frisby\throwing_frisby_128.jpg,throwing frisby,throwing frisby,True
C:\Projects\stanford40_split\test\throwing_frisby\throwing_frisby_132.jpg,throwing frisby,throwing frisby,True
C:\Projects\stanford40_split\test\throwing_frisby\throwing_frisby_138.jpg,throwing frisby,throwing frisby,True
C:\Projects\stanford40_split\test\throwing_frisby\throwing_frisby_149.jpg,throwing frisby,throwing frisby,True
C:\Projects\stanford40_split\test\throwing_frisby\throwing_frisby_152.jpg,throwing frisby,throwing frisby,True
C:\Projects\stanford40_split\test\throwing_frisby\throwing_frisby_158.jpg,throwing frisby,throwing frisby,True
C:\Projects\stanford40_split\test\throwing_frisby\throwing_frisby_165.jpg,throwing frisby,running,False
C:\Projects\stanford40_split\test\throwing_frisby\throwing_frisby_166.jpg,throwing frisby,throwing frisby,True
C:\Projects\stanford40_split\test\throwing_frisby\throwing_frisby_172.jpg,throwing frisby,throwing frisby,True
C:\Projects\stanford40_split\test\throwing_frisby\throwing_frisby_176.jpg,throwing frisby,throwing frisby,True
C:\Projects\stanford40_split\test\throwing_frisby\throwing_frisby_190.jpg,throwing frisby,throwing frisby,True
C:\Projects\stanford40_split\test\throwing_frisby\throwing_frisby_191.jpg,throwing frisby,throwing frisby,True
C:\Projects\stanford40_split\test\throwing_frisby\throwing_frisby_193.jpg,throwing frisby,throwing frisby,True
C:\Projects\stanford40_split\test\throwing_frisby\throwing_frisby_194.jpg,throwing frisby,throwing frisby,True
C:\Projects\stanford40_split\test\throwing_frisby\throwing_frisby_201.jpg,throwing frisby,throwing frisby,True
C:\Projects\stanford40_split\test\using_a_computer\using_a_computer_014.jpg,using a computer,using a computer,True
C:\Projects\stanford40_split\test\using_a_computer\using_a_computer_017.jpg,using a computer,using a computer,True
C:\Projects\stanford40_split\test\using_a_computer\using_a_computer_021.jpg,using a computer,using a computer,True
C:\Projects\stanford40_split\test\using_a_computer\using_a_computer_023.jpg,using a computer,reading,False
C:\Projects\stanford40_split\test\using_a_computer\using_a_computer_030.jpg,using a computer,using a computer,True
C:\Projects\stanford40_split\test\using_a_computer\using_a_computer_032.jpg,using a computer,using a computer,True
C:\Projects\stanford40_split\test\using_a_computer\using_a_computer_049.jpg,using a computer,using a computer,True
C:\Projects\stanford40_split\test\using_a_computer\using_a_computer_054.jpg,using a computer,using a computer,True
C:\Projects\stanford40_split\test\using_a_computer\using_a_computer_058.jpg,using a computer,using a computer,True
C:\Projects\stanford40_split\test\using_a_computer\using_a_computer_069.jpg,using a computer,using a computer,True
C:\Projects\stanford40_split\test\using_a_computer\using_a_computer_071.jpg,using a computer,using a computer,True
C:\Projects\stanford40_split\test\using_a_computer\using_a_computer_075.jpg,using a computer,using a computer,True
C:\Projects\stanford40_split\test\using_a_computer\using_a_computer_083.jpg,using a computer,using a computer,True
C:\Projects\stanford40_split\test\using_a_computer\using_a_computer_089.jpg,using a computer,using a computer,True
C:\Projects\stanford40_split\test\using_a_computer\using_a_computer_091.jpg,using a computer,using a computer,True
C:\Projects\stanford40_split\test\using_a_computer\using_a_computer_095.jpg,using a computer,writing on a book,False
C:\Projects\stanford40_split\test\using_a_computer\using_a_computer_096.jpg,using a computer,using a computer,True
C:\Projects\stanford40_split\test\using_a_computer\using_a_computer_101.jpg,using a computer,using a computer,True
C:\Projects\stanford40_split\test\using_a_computer\using_a_computer_109.jpg,using a computer,applauding,False
C:\Projects\stanford40_split\test\using_a_computer\using_a_computer_116.jpg,using a computer,using a computer,True
C:\Projects\stanford40_split\test\using_a_computer\using_a_computer_118.jpg,using a computer,using a computer,True
C:\Projects\stanford40_split\test\using_a_computer\using_a_computer_121.jpg,using a computer,using a computer,True
C:\Projects\stanford40_split\test\using_a_computer\using_a_computer_123.jpg,using a computer,using a computer,True
C:\Projects\stanford40_split\test\using_a_computer\using_a_computer_125.jpg,using a computer,using a computer,True
C:\Projects\stanford40_split\test\using_a_computer\using_a_computer_129.jpg,using a computer,using a computer,True
C:\Projects\stanford40_split\test\using_a_computer\using_a_computer_135.jpg,using a computer,using a computer,True
C:\Projects\stanford40_split\test\using_a_computer\using_a_computer_137.jpg,using a computer,using a computer,True
C:\Projects\stanford40_split\test\using_a_computer\using_a_computer_139.jpg,using a computer,using a computer,True
C:\Projects\stanford40_split\test\using_a_computer\using_a_computer_149.jpg,using a computer,using a computer,True
C:\Projects\stanford40_split\test\using_a_computer\using_a_computer_159.jpg,using a computer,using a computer,True
C:\Projects\stanford40_split\test\using_a_computer\using_a_computer_167.jpg,using a computer,using a computer,True
C:\Projects\stanford40_split\test\using_a_computer\using_a_computer_173.jpg,using a computer,using a computer,True
C:\Projects\stanford40_split\test\using_a_computer\using_a_computer_174.jpg,using a computer,reading,False
C:\Projects\stanford40_split\test\using_a_computer\using_a_computer_175.jpg,using a computer,using a computer,True
C:\Projects\stanford40_split\test\using_a_computer\using_a_computer_178.jpg,using a computer,using a computer,True
C:\Projects\stanford40_split\test\using_a_computer\using_a_computer_180.jpg,using a computer,texting message,False
C:\Projects\stanford40_split\test\using_a_computer\using_a_computer_182.jpg,using a computer,using a computer,True
C:\Projects\stanford40_split\test\using_a_computer\using_a_computer_189.jpg,using a computer,reading,False
C:\Projects\stanford40_split\test\using_a_computer\using_a_computer_191.jpg,using a computer,using a computer,True
C:\Projects\stanford40_split\test\using_a_computer\using_a_computer_193.jpg,using a computer,using a computer,True
C:\Projects\stanford40_split\test\using_a_computer\using_a_computer_195.jpg,using a computer,using a computer,True
C:\Projects\stanford40_split\test\using_a_computer\using_a_computer_199.jpg,using a computer,using a computer,True
C:\Projects\stanford40_split\test\using_a_computer\using_a_computer_206.jpg,using a computer,using a computer,True
C:\Projects\stanford40_split\test\using_a_computer\using_a_computer_209.jpg,using a computer,using a computer,True
C:\Projects\stanford40_split\test\using_a_computer\using_a_computer_214.jpg,using a computer,using a computer,True
C:\Projects\stanford40_split\test\using_a_computer\using_a_computer_225.jpg,using a computer,using a computer,True
C:\Projects\stanford40_split\test\walking_the_dog\walking_the_dog_002.jpg,walking the dog,walking the dog,True
C:\Projects\stanford40_split\test\walking_the_dog\walking_the_dog_004.jpg,walking the dog,walking the dog,True
C:\Projects\stanford40_split\test\walking_the_dog\walking_the_dog_005.jpg,walking the dog,walking the dog,True
C:\Projects\stanford40_split\test\walking_the_dog\walking_the_dog_014.jpg,walking the dog,walking the dog,True
C:\Projects\stanford40_split\test\walking_the_dog\walking_the_dog_015.jpg,walking the dog,walking the dog,True
C:\Projects\stanford40_split\test\walking_the_dog\walking_the_dog_022.jpg,walking the dog,walking the dog,True
C:\Projects\stanford40_split\test\walking_the_dog\walking_the_dog_031.jpg,walking the dog,walking the dog,True
C:\Projects\stanford40_split\test\walking_the_dog\walking_the_dog_035.jpg,walking the dog,walking the dog,True
C:\Projects\stanford40_split\test\walking_the_dog\walking_the_dog_042.jpg,walking the dog,walking the dog,True
C:\Projects\stanford40_split\test\walking_the_dog\walking_the_dog_046.jpg,walking the dog,walking the dog,True
C:\Projects\stanford40_split\test\walking_the_dog\walking_the_dog_062.jpg,walking the dog,walking the dog,True
C:\Projects\stanford40_split\test\walking_the_dog\walking_the_dog_064.jpg,walking the dog,walking the dog,True
C:\Projects\stanford40_split\test\walking_the_dog\walking_the_dog_067.jpg,walking the dog,walking the dog,True
C:\Projects\stanford40_split\test\walking_the_dog\walking_the_dog_071.jpg,walking the dog,walking the dog,True
C:\Projects\stanford40_split\test\walking_the_dog\walking_the_dog_079.jpg,walking the dog,walking the dog,True
C:\Projects\stanford40_split\test\walking_the_dog\walking_the_dog_090.jpg,walking the dog,walking the dog,True
C:\Projects\stanford40_split\test\walking_the_dog\walking_the_dog_092.jpg,walking the dog,walking the dog,True
C:\Projects\stanford40_split\test\walking_the_dog\walking_the_dog_096.jpg,walking the dog,walking the dog,True
C:\Projects\stanford40_split\test\walking_the_dog\walking_the_dog_103.jpg,walking the dog,walking the dog,True
C:\Projects\stanford40_split\test\walking_the_dog\walking_the_dog_112.jpg,walking the dog,walking the dog,True
C:\Projects\stanford40_split\test\walking_the_dog\walking_the_dog_115.jpg,walking the dog,walking the dog,True
C:\Projects\stanford40_split\test\walking_the_dog\walking_the_dog_122.jpg,walking the dog,pushing a cart,False
C:\Projects\stanford40_split\test\walking_the_dog\walking_the_dog_124.jpg,walking the dog,walking the dog,True
C:\Projects\stanford40_split\test\walking_the_dog\walking_the_dog_126.jpg,walking the dog,walking the dog,True
C:\Projects\stanford40_split\test\walking_the_dog\walking_the_dog_132.jpg,walking the dog,walking the dog,True
C:\Projects\stanford40_split\test\walking_the_dog\walking_the_dog_135.jpg,walking the dog,walking the dog,True
C:\Projects\stanford40_split\test\walking_the_dog\walking_the_dog_140.jpg,walking the dog,walking the dog,True
C:\Projects\stanford40_split\test\walking_the_dog\walking_the_dog_142.jpg,walking the dog,walking the dog,True
C:\Projects\stanford40_split\test\walking_the_dog\walking_the_dog_145.jpg,walking the dog,walking the dog,True
C:\Projects\stanford40_split\test\walking_the_dog\walking_the_dog_148.jpg,walking the dog,walking the dog,True
C:\Projects\stanford40_split\test\walking_the_dog\walking_the_dog_149.jpg,walking the dog,walking the dog,True
C:\Projects\stanford40_split\test\walking_the_dog\walking_the_dog_154.jpg,walking the dog,walking the dog,True
C:\Projects\stanford40_split\test\walking_the_dog\walking_the_dog_155.jpg,walking the dog,walking the dog,True
C:\Projects\stanford40_split\test\walking_the_dog\walking_the_dog_156.jpg,walking the dog,walking the dog,True
C:\Projects\stanford40_split\test\walking_the_dog\walking_the_dog_161.jpg,walking the dog,walking the dog,True
C:\Projects\stanford40_split\test\walking_the_dog\walking_the_dog_176.jpg,walking the dog,walking the dog,True
C:\Projects\stanford40_split\test\walking_the_dog\walking_the_dog_178.jpg,walking the dog,walking the dog,True
C:\Projects\stanford40_split\test\walking_the_dog\walking_the_dog_186.jpg,walking the dog,walking the dog,True
C:\Projects\stanford40_split\test\walking_the_dog\walking_the_dog_188.jpg,walking the dog,walking the dog,True
C:\Projects\stanford40_split\test\walking_the_dog\walking_the_dog_196.jpg,walking the dog,walking the dog,True
C:\Projects\stanford40_split\test\walking_the_dog\walking_the_dog_210.jpg,walking the dog,walking the dog,True
C:\Projects\stanford40_split\test\walking_the_dog\walking_the_dog_213.jpg,walking the dog,walking the dog,True
C:\Projects\stanford40_split\test\walking_the_dog\walking_the_dog_214.jpg,walking the dog,walking the dog,True
C:\Projects\stanford40_split\test\walking_the_dog\walking_the_dog_217.jpg,walking the dog,walking the dog,True
C:\Projects\stanford40_split\test\walking_the_dog\walking_the_dog_223.jpg,walking the dog,walking the dog,True
C:\Projects\stanford40_split\test\walking_the_dog\walking_the_dog_237.jpg,walking the dog,walking the dog,True
C:\Projects\stanford40_split\test\walking_the_dog\walking_the_dog_238.jpg,walking the dog,walking the dog,True
C:\Projects\stanford40_split\test\walking_the_dog\walking_the_dog_242.jpg,walking the dog,walking the dog,True
C:\Projects\stanford40_split\test\walking_the_dog\walking_the_dog_250.jpg,walking the dog,walking the dog,True
C:\Projects\stanford40_split\test\walking_the_dog\walking_the_dog_252.jpg,walking the dog,walking the dog,True
C:\Projects\stanford40_split\test\walking_the_dog\walking_the_dog_253.jpg,walking the dog,walking the dog,True
C:\Projects\stanford40_split\test\walking_the_dog\walking_the_dog_255.jpg,walking the dog,walking the dog,True
C:\Projects\stanford40_split\test\walking_the_dog\walking_the_dog_266.jpg,walking the dog,walking the dog,True
C:\Projects\stanford40_split\test\walking_the_dog\walking_the_dog_276.jpg,walking the dog,walking the dog,True
C:\Projects\stanford40_split\test\walking_the_dog\walking_the_dog_280.jpg,walking the dog,walking the dog,True
C:\Projects\stanford40_split\test\walking_the_dog\walking_the_dog_281.jpg,walking the dog,walking the dog,True
C:\Projects\stanford40_split\test\walking_the_dog\walking_the_dog_283.jpg,walking the dog,walking the dog,True
C:\Projects\stanford40_split\test\walking_the_dog\walking_the_dog_285.jpg,walking the dog,walking the dog,True
C:\Projects\stanford40_split\test\walking_the_dog\walking_the_dog_291.jpg,walking the dog,walking the dog,True
C:\Projects\stanford40_split\test\washing_dishes\washing_dishes_007.jpg,washing dishes,gardening,False
C:\Projects\stanford40_split\test\washing_dishes\washing_dishes_008.jpg,washing dishes,washing dishes,True
C:\Projects\stanford40_split\test\washing_dishes\washing_dishes_014.jpg,washing dishes,cooking,False
C:\Projects\stanford40_split\test\washing_dishes\washing_dishes_018.jpg,washing dishes,cutting vegetables,False
C:\Projects\stanford40_split\test\washing_dishes\washing_dishes_020.jpg,washing dishes,cooking,False
C:\Projects\stanford40_split\test\washing_dishes\washing_dishes_025.jpg,washing dishes,cooking,False
C:\Projects\stanford40_split\test\washing_dishes\washing_dishes_026.jpg,washing dishes,washing dishes,True
C:\Projects\stanford40_split\test\washing_dishes\washing_dishes_028.jpg,washing dishes,washing dishes,True
C:\Projects\stanford40_split\test\washing_dishes\washing_dishes_032.jpg,washing dishes,washing dishes,True
C:\Projects\stanford40_split\test\washing_dishes\washing_dishes_035.jpg,washing dishes,washing dishes,True
C:\Projects\stanford40_split\test\washing_dishes\washing_dishes_038.jpg,washing dishes,washing dishes,True
C:\Projects\stanford40_split\test\washing_dishes\washing_dishes_040.jpg,washing dishes,washing dishes,True
C:\Projects\stanford40_split\test\washing_dishes\washing_dishes_046.jpg,washing dishes,washing dishes,True
C:\Projects\stanford40_split\test\washing_dishes\washing_dishes_052.jpg,washing dishes,washing dishes,True
C:\Projects\stanford40_split\test\washing_dishes\washing_dishes_060.jpg,washing dishes,cooking,False
C:\Projects\stanford40_split\test\washing_dishes\washing_dishes_065.jpg,washing dishes,washing dishes,True
C:\Projects\stanford40_split\test\washing_dishes\washing_dishes_072.jpg,washing dishes,washing dishes,True
C:\Projects\stanford40_split\test\washing_dishes\washing_dishes_078.jpg,washing dishes,washing dishes,True
C:\Projects\stanford40_split\test\washing_dishes\washing_dishes_084.jpg,washing dishes,cooking,False
C:\Projects\stanford40_split\test\washing_dishes\washing_dishes_092.jpg,washing dishes,cooking,False
C:\Projects\stanford40_split\test\washing_dishes\washing_dishes_098.jpg,washing dishes,washing dishes,True
C:\Projects\stanford40_split\test\washing_dishes\washing_dishes_103.jpg,washing dishes,washing dishes,True
C:\Projects\stanford40_split\test\washing_dishes\washing_dishes_104.jpg,washing dishes,washing dishes,True
C:\Projects\stanford40_split\test\washing_dishes\washing_dishes_117.jpg,washing dishes,washing dishes,True
C:\Projects\stanford40_split\test\washing_dishes\washing_dishes_120.jpg,washing dishes,washing dishes,True
C:\Projects\stanford40_split\test\washing_dishes\washing_dishes_122.jpg,washing dishes,cooking,False
C:\Projects\stanford40_split\test\washing_dishes\washing_dishes_125.jpg,washing dishes,washing dishes,True
C:\Projects\stanford40_split\test\washing_dishes\washing_dishes_126.jpg,washing dishes,pouring liquid,False
C:\Projects\stanford40_split\test\washing_dishes\washing_dishes_127.jpg,washing dishes,washing dishes,True
C:\Projects\stanford40_split\test\washing_dishes\washing_dishes_128.jpg,washing dishes,washing dishes,True
C:\Projects\stanford40_split\test\washing_dishes\washing_dishes_131.jpg,washing dishes,washing dishes,True
C:\Projects\stanford40_split\test\washing_dishes\washing_dishes_134.jpg,washing dishes,washing dishes,True
C:\Projects\stanford40_split\test\washing_dishes\washing_dishes_155.jpg,washing dishes,cooking,False
C:\Projects\stanford40_split\test\washing_dishes\washing_dishes_161.jpg,washing dishes,washing dishes,True
C:\Projects\stanford40_split\test\washing_dishes\washing_dishes_165.jpg,washing dishes,washing dishes,True
C:\Projects\stanford40_split\test\washing_dishes\washing_dishes_166.jpg,washing dishes,washing dishes,True
C:\Projects\stanford40_split\test\washing_dishes\washing_dishes_171.jpg,washing dishes,washing dishes,True
C:\Projects\stanford40_split\test\watching_TV\watching_TV_005.jpg,watching TV,watching TV,True
C:\Projects\stanford40_split\test\watching_TV\watching_TV_018.jpg,watching TV,watching TV,True
C:\Projects\stanford40_split\test\watching_TV\watching_TV_020.jpg,watching TV,watching TV,True
C:\Projects\stanford40_split\test\watching_TV\watching_TV_025.jpg,watching TV,watching TV,True
C:\Projects\stanford40_split\test\watching_TV\watching_TV_047.jpg,watching TV,watching TV,True
C:\Projects\stanford40_split\test\watching_TV\watching_TV_048.jpg,watching TV,watching TV,True
C:\Projects\stanford40_split\test\watching_TV\watching_TV_052.jpg,watching TV,watching TV,True
C:\Projects\stanford40_split\test\watching_TV\watching_TV_054.jpg,watching TV,watching TV,True
C:\Projects\stanford40_split\test\watching_TV\watching_TV_055.jpg,watching TV,watching TV,True
C:\Projects\stanford40_split\test\watching_TV\watching_TV_065.jpg,watching TV,watching TV,True
C:\Projects\stanford40_split\test\watching_TV\watching_TV_070.jpg,watching TV,washing dishes,False
C:\Projects\stanford40_split\test\watching_TV\watching_TV_077.jpg,watching TV,drinking,False
C:\Projects\stanford40_split\test\watching_TV\watching_TV_078.jpg,watching TV,watching TV,True
C:\Projects\stanford40_split\test\watching_TV\watching_TV_081.jpg,watching TV,watching TV,True
C:\Projects\stanford40_split\test\watching_TV\watching_TV_087.jpg,watching TV,watching TV,True
C:\Projects\stanford40_split\test\watching_TV\watching_TV_089.jpg,watching TV,watching TV,True
C:\Projects\stanford40_split\test\watching_TV\watching_TV_103.jpg,watching TV,watching TV,True
C:\Projects\stanford40_split\test\watching_TV\watching_TV_107.jpg,watching TV,watching TV,True
C:\Projects\stanford40_split\test\watching_TV\watching_TV_110.jpg,watching TV,watching TV,True
C:\Projects\stanford40_split\test\watching_TV\watching_TV_111.jpg,watching TV,watching TV,True
C:\Projects\stanford40_split\test\watching_TV\watching_TV_117.jpg,watching TV,watching TV,True
C:\Projects\stanford40_split\test\watching_TV\watching_TV_120.jpg,watching TV,watching TV,True
C:\Projects\stanford40_split\test\watching_TV\watching_TV_122.jpg,watching TV,watching TV,True
C:\Projects\stanford40_split\test\watching_TV\watching_TV_128.jpg,watching TV,watching TV,True
C:\Projects\stanford40_split\test\watching_TV\watching_TV_130.jpg,watching TV,watching TV,True
C:\Projects\stanford40_split\test\watching_TV\watching_TV_132.jpg,watching TV,watching TV,True
C:\Projects\stanford40_split\test\watching_TV\watching_TV_133.jpg,watching TV,watching TV,True
C:\Projects\stanford40_split\test\watching_TV\watching_TV_136.jpg,watching TV,watching TV,True
C:\Projects\stanford40_split\test\watching_TV\watching_TV_139.jpg,watching TV,watching TV,True
C:\Projects\stanford40_split\test\watching_TV\watching_TV_141.jpg,watching TV,watching TV,True
C:\Projects\stanford40_split\test\watching_TV\watching_TV_146.jpg,watching TV,watching TV,True
C:\Projects\stanford40_split\test\watching_TV\watching_TV_148.jpg,watching TV,watching TV,True
C:\Projects\stanford40_split\test\watching_TV\watching_TV_149.jpg,watching TV,watching TV,True
C:\Projects\stanford40_split\test\watching_TV\watching_TV_152.jpg,watching TV,watching TV,True
C:\Projects\stanford40_split\test\watching_TV\watching_TV_160.jpg,watching TV,watching TV,True
C:\Projects\stanford40_split\test\watching_TV\watching_TV_161.jpg,watching TV,watching TV,True
C:\Projects\stanford40_split\test\watching_TV\watching_TV_167.jpg,watching TV,watching TV,True
C:\Projects\stanford40_split\test\watching_TV\watching_TV_170.jpg,watching TV,watching TV,True
C:\Projects\stanford40_split\test\watching_TV\watching_TV_172.jpg,watching TV,watching TV,True
C:\Projects\stanford40_split\test\watching_TV\watching_TV_181.jpg,watching TV,watching TV,True
C:\Projects\stanford40_split\test\watching_TV\watching_TV_184.jpg,watching TV,watching TV,True
C:\Projects\stanford40_split\test\watching_TV\watching_TV_201.jpg,watching TV,watching TV,True
C:\Projects\stanford40_split\test\watching_TV\watching_TV_204.jpg,watching TV,watching TV,True
C:\Projects\stanford40_split\test\watching_TV\watching_TV_206.jpg,watching TV,watching TV,True
C:\Projects\stanford40_split\test\watching_TV\watching_TV_217.jpg,watching TV,watching TV,True
C:\Projects\stanford40_split\test\waving_hands\waving_hands_001.jpg,waving hands,waving hands,True
C:\Projects\stanford40_split\test\waving_hands\waving_hands_008.jpg,waving hands,waving hands,True
C:\Projects\stanford40_split\test\waving_hands\waving_hands_014.jpg,waving hands,waving hands,True
C:\Projects\stanford40_split\test\waving_hands\waving_hands_022.jpg,waving hands,blowing bubbles,False
C:\Projects\stanford40_split\test\waving_hands\waving_hands_029.jpg,waving hands,waving hands,True
C:\Projects\stanford40_split\test\waving_hands\waving_hands_034.jpg,waving hands,waving hands,True
C:\Projects\stanford40_split\test\waving_hands\waving_hands_035.jpg,waving hands,phoning,False
C:\Projects\stanford40_split\test\waving_hands\waving_hands_041.jpg,waving hands,waving hands,True
C:\Projects\stanford40_split\test\waving_hands\waving_hands_045.jpg,waving hands,waving hands,True
C:\Projects\stanford40_split\test\waving_hands\waving_hands_048.jpg,waving hands,fixing a car,False
C:\Projects\stanford40_split\test\waving_hands\waving_hands_051.jpg,waving hands,waving hands,True
C:\Projects\stanford40_split\test\waving_hands\waving_hands_052.jpg,waving hands,waving hands,True
C:\Projects\stanford40_split\test\waving_hands\waving_hands_064.jpg,waving hands,waving hands,True
C:\Projects\stanford40_split\test\waving_hands\waving_hands_067.jpg,waving hands,waving hands,True
C:\Projects\stanford40_split\test\waving_hands\waving_hands_073.jpg,waving hands,waving hands,True
C:\Projects\stanford40_split\test\waving_hands\waving_hands_079.jpg,waving hands,waving hands,True
C:\Projects\stanford40_split\test\waving_hands\waving_hands_081.jpg,waving hands,waving hands,True
C:\Projects\stanford40_split\test\waving_hands\waving_hands_082.jpg,waving hands,gardening,False
C:\Projects\stanford40_split\test\waving_hands\waving_hands_084.jpg,waving hands,waving hands,True
C:\Projects\stanford40_split\test\waving_hands\waving_hands_103.jpg,waving hands,waving hands,True
C:\Projects\stanford40_split\test\waving_hands\waving_hands_106.jpg,waving hands,waving hands,True
C:\Projects\stanford40_split\test\waving_hands\waving_hands_107.jpg,waving hands,waving hands,True
C:\Projects\stanford40_split\test\waving_hands\waving_hands_114.jpg,waving hands,walking the dog,False
C:\Projects\stanford40_split\test\waving_hands\waving_hands_116.jpg,waving hands,waving hands,True
C:\Projects\stanford40_split\test\waving_hands\waving_hands_117.jpg,waving hands,waving hands,True
C:\Projects\stanford40_split\test\waving_hands\waving_hands_123.jpg,waving hands,waving hands,True
C:\Projects\stanford40_split\test\waving_hands\waving_hands_133.jpg,waving hands,waving hands,True
C:\Projects\stanford40_split\test\waving_hands\waving_hands_148.jpg,waving hands,waving hands,True
C:\Projects\stanford40_split\test\waving_hands\waving_hands_152.jpg,waving hands,waving hands,True
C:\Projects\stanford40_split\test\waving_hands\waving_hands_153.jpg,waving hands,texting message,False
C:\Projects\stanford40_split\test\waving_hands\waving_hands_161.jpg,waving hands,waving hands,True
C:\Projects\stanford40_split\test\waving_hands\waving_hands_162.jpg,waving hands,waving hands,True
C:\Projects\stanford40_split\test\waving_hands\waving_hands_165.jpg,waving hands,waving hands,True
C:\Projects\stanford40_split\test\waving_hands\waving_hands_167.jpg,waving hands,waving hands,True
C:\Projects\stanford40_split\test\waving_hands\waving_hands_176.jpg,waving hands,waving hands,True
C:\Projects\stanford40_split\test\waving_hands\waving_hands_178.jpg,waving hands,waving hands,True
C:\Projects\stanford40_split\test\waving_hands\waving_hands_183.jpg,waving hands,waving hands,True
C:\Projects\stanford40_split\test\waving_hands\waving_hands_191.jpg,waving hands,waving hands,True
C:\Projects\stanford40_split\test\waving_hands\waving_hands_196.jpg,waving hands,waving hands,True
C:\Projects\stanford40_split\test\waving_hands\waving_hands_199.jpg,waving hands,waving hands,True
C:\Projects\stanford40_split\test\waving_hands\waving_hands_204.jpg,waving hands,waving hands,True
C:\Projects\stanford40_split\test\waving_hands\waving_hands_205.jpg,waving hands,waving hands,True
C:\Projects\stanford40_split\test\writing_on_a_board\writing_on_a_board_002.jpg,writing on a board,writing on a book,False
C:\Projects\stanford40_split\test\writing_on_a_board\writing_on_a_board_007.jpg,writing on a board,writing on a board,True
C:\Projects\stanford40_split\test\writing_on_a_board\writing_on_a_board_008.jpg,writing on a board,writing on a board,True
C:\Projects\stanford40_split\test\writing_on_a_board\writing_on_a_board_012.jpg,writing on a board,writing on a board,True
C:\Projects\stanford40_split\test\writing_on_a_board\writing_on_a_board_020.jpg,writing on a board,writing on a board,True
C:\Projects\stanford40_split\test\writing_on_a_board\writing_on_a_board_021.jpg,writing on a board,writing on a board,True
C:\Projects\stanford40_split\test\writing_on_a_board\writing_on_a_board_025.jpg,writing on a board,writing on a board,True
C:\Projects\stanford40_split\test\writing_on_a_board\writing_on_a_board_028.jpg,writing on a board,writing on a board,True
C:\Projects\stanford40_split\test\writing_on_a_board\writing_on_a_board_032.jpg,writing on a board,writing on a board,True
C:\Projects\stanford40_split\test\writing_on_a_board\writing_on_a_board_040.jpg,writing on a board,writing on a board,True
C:\Projects\stanford40_split\test\writing_on_a_board\writing_on_a_board_044.jpg,writing on a board,writing on a board,True
C:\Projects\stanford40_split\test\writing_on_a_board\writing_on_a_board_047.jpg,writing on a board,writing on a board,True
C:\Projects\stanford40_split\test\writing_on_a_board\writing_on_a_board_055.jpg,writing on a board,writing on a board,True
C:\Projects\stanford40_split\test\writing_on_a_board\writing_on_a_board_064.jpg,writing on a board,writing on a board,True
C:\Projects\stanford40_split\test\writing_on_a_board\writing_on_a_board_069.jpg,writing on a board,writing on a board,True
C:\Projects\stanford40_split\test\writing_on_a_board\writing_on_a_board_070.jpg,writing on a board,writing on a board,True
C:\Projects\stanford40_split\test\writing_on_a_board\writing_on_a_board_073.jpg,writing on a board,writing on a board,True
C:\Projects\stanford40_split\test\writing_on_a_board\writing_on_a_board_083.jpg,writing on a board,writing on a board,True
C:\Projects\stanford40_split\test\writing_on_a_board\writing_on_a_board_085.jpg,writing on a board,writing on a board,True
C:\Projects\stanford40_split\test\writing_on_a_board\writing_on_a_board_096.jpg,writing on a board,writing on a board,True
C:\Projects\stanford40_split\test\writing_on_a_board\writing_on_a_board_101.jpg,writing on a board,writing on a board,True
C:\Projects\stanford40_split\test\writing_on_a_board\writing_on_a_board_107.jpg,writing on a board,writing on a board,True
C:\Projects\stanford40_split\test\writing_on_a_board\writing_on_a_board_116.jpg,writing on a board,writing on a board,True
C:\Projects\stanford40_split\test\writing_on_a_board\writing_on_a_board_117.jpg,writing on a board,writing on a board,True
C:\Projects\stanford40_split\test\writing_on_a_board\writing_on_a_board_118.jpg,writing on a board,writing on a board,True
C:\Projects\stanford40_split\test\writing_on_a_board\writing_on_a_board_123.jpg,writing on a board,writing on a board,True
C:\Projects\stanford40_split\test\writing_on_a_board\writing_on_a_board_128.jpg,writing on a board,writing on a board,True
C:\Projects\stanford40_split\test\writing_on_a_board\writing_on_a_board_131.jpg,writing on a board,writing on a board,True
C:\Projects\stanford40_split\test\writing_on_a_board\writing_on_a_board_135.jpg,writing on a board,writing on a board,True
C:\Projects\stanford40_split\test\writing_on_a_board\writing_on_a_board_145.jpg,writing on a board,writing on a board,True
C:\Projects\stanford40_split\test\writing_on_a_board\writing_on_a_board_147.jpg,writing on a board,writing on a board,True
C:\Projects\stanford40_split\test\writing_on_a_board\writing_on_a_board_150.jpg,writing on a board,writing on a board,True
C:\Projects\stanford40_split\test\writing_on_a_board\writing_on_a_board_152.jpg,writing on a board,writing on a board,True
C:\Projects\stanford40_split\test\writing_on_a_board\writing_on_a_board_166.jpg,writing on a board,writing on a board,True
C:\Projects\stanford40_split\test\writing_on_a_board\writing_on_a_board_170.jpg,writing on a board,writing on a board,True
C:\Projects\stanford40_split\test\writing_on_a_board\writing_on_a_board_175.jpg,writing on a board,writing on a board,True
C:\Projects\stanford40_split\test\writing_on_a_board\writing_on_a_board_178.jpg,writing on a board,jumping,False
C:\Projects\stanford40_split\test\writing_on_a_book\writing_on_a_book_004.jpg,writing on a book,writing on a book,True
C:\Projects\stanford40_split\test\writing_on_a_book\writing_on_a_book_005.jpg,writing on a book,writing on a book,True
C:\Projects\stanford40_split\test\writing_on_a_book\writing_on_a_book_006.jpg,writing on a book,writing on a book,True
C:\Projects\stanford40_split\test\writing_on_a_book\writing_on_a_book_007.jpg,writing on a book,cutting vegetables,False
C:\Projects\stanford40_split\test\writing_on_a_book\writing_on_a_book_023.jpg,writing on a book,writing on a book,True
C:\Projects\stanford40_split\test\writing_on_a_book\writing_on_a_book_029.jpg,writing on a book,writing on a book,True
C:\Projects\stanford40_split\test\writing_on_a_book\writing_on_a_book_030.jpg,writing on a book,writing on a book,True
C:\Projects\stanford40_split\test\writing_on_a_book\writing_on_a_book_033.jpg,writing on a book,writing on a board,False
C:\Projects\stanford40_split\test\writing_on_a_book\writing_on_a_book_035.jpg,writing on a book,writing on a book,True
C:\Projects\stanford40_split\test\writing_on_a_book\writing_on_a_book_038.jpg,writing on a book,writing on a book,True
C:\Projects\stanford40_split\test\writing_on_a_book\writing_on_a_book_040.jpg,writing on a book,writing on a book,True
C:\Projects\stanford40_split\test\writing_on_a_book\writing_on_a_book_043.jpg,writing on a book,writing on a book,True
C:\Projects\stanford40_split\test\writing_on_a_book\writing_on_a_book_049.jpg,writing on a book,texting message,False
C:\Projects\stanford40_split\test\writing_on_a_book\writing_on_a_book_054.jpg,writing on a book,writing on a book,True
C:\Projects\stanford40_split\test\writing_on_a_book\writing_on_a_book_062.jpg,writing on a book,writing on a book,True
C:\Projects\stanford40_split\test\writing_on_a_book\writing_on_a_book_078.jpg,writing on a book,writing on a book,True
C:\Projects\stanford40_split\test\writing_on_a_book\writing_on_a_book_093.jpg,writing on a book,writing on a book,True
C:\Projects\stanford40_split\test\writing_on_a_book\writing_on_a_book_102.jpg,writing on a book,writing on a book,True
C:\Projects\stanford40_split\test\writing_on_a_book\writing_on_a_book_109.jpg,writing on a book,reading,False
C:\Projects\stanford40_split\test\writing_on_a_book\writing_on_a_book_112.jpg,writing on a book,writing on a book,True
C:\Projects\stanford40_split\test\writing_on_a_book\writing_on_a_book_114.jpg,writing on a book,writing on a book,True
C:\Projects\stanford40_split\test\writing_on_a_book\writing_on_a_book_119.jpg,writing on a book,writing on a book,True
C:\Projects\stanford40_split\test\writing_on_a_book\writing_on_a_book_122.jpg,writing on a book,writing on a book,True
C:\Projects\stanford40_split\test\writing_on_a_book\writing_on_a_book_124.jpg,writing on a book,cooking,False
C:\Projects\stanford40_split\test\writing_on_a_book\writing_on_a_book_125.jpg,writing on a book,writing on a book,True
C:\Projects\stanford40_split\test\writing_on_a_book\writing_on_a_book_138.jpg,writing on a book,reading,False
C:\Projects\stanford40_split\test\writing_on_a_book\writing_on_a_book_158.jpg,writing on a book,writing on a book,True
C:\Projects\stanford40_split\test\writing_on_a_book\writing_on_a_book_159.jpg,writing on a book,writing on a book,True
C:\Projects\stanford40_split\test\writing_on_a_book\writing_on_a_book_161.jpg,writing on a book,writing on a book,True
C:\Projects\stanford40_split\test\writing_on_a_book\writing_on_a_book_167.jpg,writing on a book,writing on a book,True
C:\Projects\stanford40_split\test\writing_on_a_book\writing_on_a_book_173.jpg,writing on a book,using a computer,False
C:\Projects\stanford40_split\test\writing_on_a_book\writing_on_a_book_177.jpg,writing on a book,writing on a book,True
C:\Projects\stanford40_split\test\writing_on_a_book\writing_on_a_book_179.jpg,writing on a book,reading,False
C:\Projects\stanford40_split\test\writing_on_a_book\writing_on_a_book_180.jpg,writing on a book,writing on a book,True
C:\Projects\stanford40_split\test\writing_on_a_book\writing_on_a_book_190.jpg,writing on a book,reading,False
C:\Projects\stanford40_split\test\writing_on_a_book\writing_on_a_book_198.jpg,writing on a book,writing on a book,True
C:\Projects\stanford40_split\test\writing_on_a_book\writing_on_a_book_203.jpg,writing on a book,writing on a book,True
C:\Projects\stanford40_split\test\writing_on_a_book\writing_on_a_book_206.jpg,writing on a book,writing on a book,True
C:\Projects\stanford40_split\test\writing_on_a_book\writing_on_a_book_209.jpg,writing on a book,writing on a book,True
C:\Projects\stanford40_split\test\writing_on_a_book\writing_on_a_book_219.jpg,writing on a book,writing on a book,True
C:\Projects\stanford40_split\test\writing_on_a_book\writing_on_a_book_220.jpg,writing on a book,reading,False
C:\Projects\stanford40_split\test\writing_on_a_book\writing_on_a_book_224.jpg,writing on a book,writing on a book,True
C:\Projects\stanford40_split\test\writing_on_a_book\writing_on_a_book_225.jpg,writing on a book,texting message,False
C:\Projects\stanford40_split\test\writing_on_a_book\writing_on_a_book_230.jpg,writing on a book,writing on a book,True
C:\Projects\stanford40_split\test\writing_on_a_book\writing_on_a_book_234.jpg,writing on a book,writing on a book,True
C:\Projects\stanford40_split\test\writing_on_a_book\writing_on_a_book_235.jpg,writing on a book,writing on a book,True
C:\Projects\stanford40_split\test\writing_on_a_book\writing_on_a_book_240.jpg,writing on a book,writing on a book,True
C:\Projects\stanford40_split\test\writing_on_a_book\writing_on_a_book_241.jpg,writing on a book,writing on a book,True
C:\Projects\stanford40_split\test\writing_on_a_book\writing_on_a_book_244.jpg,writing on a book,writing on a book,True
C:\Projects\stanford40_split\test\writing_on_a_book\writing_on_a_book_246.jpg,writing on a book,writing on a book,True
